probability;nodes_number;sccs_number
0.0;1;1.0
0.01;1;1.0
0.02;1;1.0
0.03;1;1.0
0.04;1;1.0
0.05;1;1.0
0.06;1;1.0
0.07;1;1.0
0.08;1;1.0
0.09;1;1.0
0.1;1;1.0
0.11;1;1.0
0.12;1;1.0
0.13;1;1.0
0.14;1;1.0
0.15;1;1.0
0.16;1;1.0
0.17;1;1.0
0.18;1;1.0
0.19;1;1.0
0.2;1;1.0
0.21;1;1.0
0.22;1;1.0
0.23;1;1.0
0.24;1;1.0
0.25;1;1.0
0.26;1;1.0
0.27;1;1.0
0.28;1;1.0
0.29;1;1.0
0.3;1;1.0
0.31;1;1.0
0.32;1;1.0
0.33;1;1.0
0.34;1;1.0
0.35;1;1.0
0.36;1;1.0
0.37;1;1.0
0.38;1;1.0
0.39;1;1.0
0.4;1;1.0
0.41;1;1.0
0.42;1;1.0
0.43;1;1.0
0.44;1;1.0
0.45;1;1.0
0.46;1;1.0
0.47;1;1.0
0.48;1;1.0
0.49;1;1.0
0.5;1;1.0
0.51;1;1.0
0.52;1;1.0
0.53;1;1.0
0.54;1;1.0
0.55;1;1.0
0.56;1;1.0
0.57;1;1.0
0.58;1;1.0
0.59;1;1.0
0.6;1;1.0
0.61;1;1.0
0.62;1;1.0
0.63;1;1.0
0.64;1;1.0
0.65;1;1.0
0.66;1;1.0
0.67;1;1.0
0.68;1;1.0
0.69;1;1.0
0.7;1;1.0
0.71;1;1.0
0.72;1;1.0
0.73;1;1.0
0.74;1;1.0
0.75;1;1.0
0.76;1;1.0
0.77;1;1.0
0.78;1;1.0
0.79;1;1.0
0.8;1;1.0
0.81;1;1.0
0.82;1;1.0
0.83;1;1.0
0.84;1;1.0
0.85;1;1.0
0.86;1;1.0
0.87;1;1.0
0.88;1;1.0
0.89;1;1.0
0.9;1;1.0
0.91;1;1.0
0.92;1;1.0
0.93;1;1.0
0.94;1;1.0
0.95;1;1.0
0.96;1;1.0
0.97;1;1.0
0.98;1;1.0
0.99;1;1.0
0.0;2;2.0
0.01;2;2.0
0.02;2;2.0
0.03;2;2.0
0.04;2;2.0
0.05;2;2.0
0.06;2;2.0
0.07;2;2.0
0.08;2;2.0
0.09;2;1.95
0.1;2;2.0
0.11;2;2.0
0.12;2;2.0
0.13;2;2.0
0.14;2;2.0
0.15;2;2.0
0.16;2;1.95
0.17;2;2.0
0.18;2;2.0
0.19;2;1.95
0.2;2;1.95
0.21;2;2.0
0.22;2;1.95
0.23;2;1.8
0.24;2;1.95
0.25;2;1.9
0.26;2;1.9
0.27;2;2.0
0.28;2;1.95
0.29;2;1.95
0.3;2;1.95
0.31;2;1.75
0.32;2;1.9
0.33;2;2.0
0.34;2;1.8
0.35;2;2.0
0.36;2;1.85
0.37;2;1.85
0.38;2;1.95
0.39;2;1.9
0.4;2;1.6
0.41;2;1.75
0.42;2;1.75
0.43;2;1.8
0.44;2;1.7
0.45;2;1.95
0.46;2;1.85
0.47;2;1.8
0.48;2;1.85
0.49;2;1.75
0.5;2;1.8
0.51;2;1.6
0.52;2;1.65
0.53;2;1.65
0.54;2;1.85
0.55;2;1.7
0.56;2;1.8
0.57;2;1.7
0.58;2;1.65
0.59;2;1.75
0.6;2;1.65
0.61;2;1.65
0.62;2;1.65
0.63;2;1.5
0.64;2;1.5
0.65;2;1.55
0.66;2;1.6
0.67;2;1.75
0.68;2;1.55
0.69;2;1.6
0.7;2;1.55
0.71;2;1.65
0.72;2;1.5
0.73;2;1.6
0.74;2;1.4
0.75;2;1.35
0.76;2;1.3
0.77;2;1.5
0.78;2;1.35
0.79;2;1.35
0.8;2;1.25
0.81;2;1.3
0.82;2;1.3
0.83;2;1.3
0.84;2;1.2
0.85;2;1.2
0.86;2;1.4
0.87;2;1.35
0.88;2;1.05
0.89;2;1.35
0.9;2;1.25
0.91;2;1.2
0.92;2;1.1
0.93;2;1.1
0.94;2;1.1
0.95;2;1.15
0.96;2;1.05
0.97;2;1.05
0.98;2;1.05
0.99;2;1.0
0.0;3;3.0
0.01;3;3.0
0.02;3;3.0
0.03;3;3.0
0.04;3;3.0
0.05;3;2.95
0.06;3;2.9
0.07;3;3.0
0.08;3;3.0
0.09;3;3.0
0.1;3;2.95
0.11;3;2.85
0.12;3;2.95
0.13;3;3.0
0.14;3;2.95
0.15;3;2.85
0.16;3;3.0
0.17;3;2.9
0.18;3;3.0
0.19;3;3.0
0.2;3;2.9
0.21;3;2.75
0.22;3;2.85
0.23;3;2.6
0.24;3;2.75
0.25;3;2.75
0.26;3;2.8
0.27;3;2.8
0.28;3;2.65
0.29;3;2.75
0.3;3;2.45
0.31;3;2.45
0.32;3;2.7
0.33;3;2.85
0.34;3;2.4
0.35;3;2.45
0.36;3;2.65
0.37;3;2.35
0.38;3;2.3
0.39;3;2.35
0.4;3;2.55
0.41;3;2.3
0.42;3;2.25
0.43;3;2.25
0.44;3;2.4
0.45;3;2.15
0.46;3;2.3
0.47;3;2.0
0.48;3;2.15
0.49;3;2.35
0.5;3;2.45
0.51;3;1.9
0.52;3;1.9
0.53;3;1.8
0.54;3;2.15
0.55;3;1.95
0.56;3;1.85
0.57;3;1.95
0.58;3;1.75
0.59;3;1.85
0.6;3;1.95
0.61;3;1.85
0.62;3;1.5
0.63;3;1.8
0.64;3;1.55
0.65;3;1.5
0.66;3;1.8
0.67;3;1.65
0.68;3;1.5
0.69;3;1.25
0.7;3;1.3
0.71;3;1.45
0.72;3;1.3
0.73;3;1.1
0.74;3;1.7
0.75;3;1.3
0.76;3;1.15
0.77;3;1.35
0.78;3;1.5
0.79;3;1.4
0.8;3;1.35
0.81;3;1.1
0.82;3;1.3
0.83;3;1.25
0.84;3;1.1
0.85;3;1.15
0.86;3;1.1
0.87;3;1.05
0.88;3;1.05
0.89;3;1.15
0.9;3;1.05
0.91;3;1.0
0.92;3;1.05
0.93;3;1.0
0.94;3;1.0
0.95;3;1.0
0.96;3;1.0
0.97;3;1.0
0.98;3;1.0
0.99;3;1.0
0.0;4;4.0
0.01;4;4.0
0.02;4;4.0
0.03;4;4.0
0.04;4;4.0
0.05;4;4.0
0.06;4;4.0
0.07;4;4.0
0.08;4;3.85
0.09;4;3.95
0.1;4;3.95
0.11;4;3.95
0.12;4;3.9
0.13;4;3.9
0.14;4;3.9
0.15;4;4.0
0.16;4;3.8
0.17;4;3.7
0.18;4;3.75
0.19;4;3.7
0.2;4;3.8
0.21;4;3.65
0.22;4;3.8
0.23;4;3.45
0.24;4;3.5
0.25;4;3.65
0.26;4;3.45
0.27;4;3.5
0.28;4;3.2
0.29;4;3.35
0.3;4;3.45
0.31;4;3.2
0.32;4;3.35
0.33;4;2.95
0.34;4;2.85
0.35;4;3.15
0.36;4;3.0
0.37;4;2.95
0.38;4;2.4
0.39;4;2.75
0.4;4;2.6
0.41;4;2.55
0.42;4;2.7
0.43;4;2.5
0.44;4;2.75
0.45;4;2.1
0.46;4;1.8
0.47;4;2.2
0.48;4;1.85
0.49;4;2.35
0.5;4;1.75
0.51;4;2.05
0.52;4;2.15
0.53;4;2.05
0.54;4;1.7
0.55;4;1.85
0.56;4;1.65
0.57;4;1.7
0.58;4;1.65
0.59;4;1.2
0.6;4;1.6
0.61;4;1.65
0.62;4;1.7
0.63;4;1.5
0.64;4;1.3
0.65;4;1.3
0.66;4;1.55
0.67;4;1.25
0.68;4;1.35
0.69;4;1.4
0.7;4;1.45
0.71;4;1.5
0.72;4;1.3
0.73;4;1.2
0.74;4;1.1
0.75;4;1.15
0.76;4;1.0
0.77;4;1.0
0.78;4;1.0
0.79;4;1.15
0.8;4;1.0
0.81;4;1.05
0.82;4;1.25
0.83;4;1.15
0.84;4;1.0
0.85;4;1.05
0.86;4;1.0
0.87;4;1.05
0.88;4;1.0
0.89;4;1.0
0.9;4;1.0
0.91;4;1.0
0.92;4;1.0
0.93;4;1.0
0.94;4;1.0
0.95;4;1.0
0.96;4;1.0
0.97;4;1.0
0.98;4;1.0
0.99;4;1.0
0.0;5;5.0
0.01;5;5.0
0.02;5;5.0
0.03;5;4.95
0.04;5;5.0
0.05;5;4.95
0.06;5;4.95
0.07;5;5.0
0.08;5;4.95
0.09;5;4.95
0.1;5;4.75
0.11;5;4.75
0.12;5;4.65
0.13;5;4.9
0.14;5;4.65
0.15;5;4.9
0.16;5;4.5
0.17;5;4.25
0.18;5;4.5
0.19;5;4.3
0.2;5;4.4
0.21;5;3.6
0.22;5;4.4
0.23;5;3.55
0.24;5;3.65
0.25;5;3.55
0.26;5;4.05
0.27;5;3.65
0.28;5;3.25
0.29;5;3.6
0.3;5;3.8
0.31;5;3.35
0.32;5;3.7
0.33;5;3.25
0.34;5;3.5
0.35;5;3.25
0.36;5;2.45
0.37;5;3.2
0.38;5;2.5
0.39;5;2.65
0.4;5;2.5
0.41;5;2.8
0.42;5;2.65
0.43;5;2.35
0.44;5;2.45
0.45;5;1.5
0.46;5;1.8
0.47;5;2.35
0.48;5;1.85
0.49;5;1.85
0.5;5;2.2
0.51;5;1.55
0.52;5;1.55
0.53;5;1.5
0.54;5;1.5
0.55;5;1.35
0.56;5;1.35
0.57;5;1.45
0.58;5;1.3
0.59;5;1.25
0.6;5;1.2
0.61;5;1.2
0.62;5;1.2
0.63;5;1.1
0.64;5;1.15
0.65;5;1.05
0.66;5;1.2
0.67;5;1.0
0.68;5;1.1
0.69;5;1.1
0.7;5;1.05
0.71;5;1.05
0.72;5;1.1
0.73;5;1.15
0.74;5;1.15
0.75;5;1.05
0.76;5;1.05
0.77;5;1.05
0.78;5;1.0
0.79;5;1.0
0.8;5;1.0
0.81;5;1.0
0.82;5;1.0
0.83;5;1.0
0.84;5;1.0
0.85;5;1.0
0.86;5;1.0
0.87;5;1.0
0.88;5;1.0
0.89;5;1.0
0.9;5;1.0
0.91;5;1.0
0.92;5;1.0
0.93;5;1.0
0.94;5;1.0
0.95;5;1.0
0.96;5;1.0
0.97;5;1.0
0.98;5;1.0
0.99;5;1.0
0.0;6;6.0
0.01;6;6.0
0.02;6;6.0
0.03;6;6.0
0.04;6;6.0
0.05;6;6.0
0.06;6;5.9
0.07;6;5.8
0.08;6;5.8
0.09;6;5.8
0.1;6;5.8
0.11;6;6.0
0.12;6;5.65
0.13;6;5.65
0.14;6;5.85
0.15;6;5.55
0.16;6;4.85
0.17;6;5.2
0.18;6;5.0
0.19;6;4.7
0.2;6;4.95
0.21;6;5.1
0.22;6;4.95
0.23;6;4.75
0.24;6;4.2
0.25;6;4.25
0.26;6;4.35
0.27;6;3.8
0.28;6;3.55
0.29;6;3.3
0.3;6;3.95
0.31;6;3.55
0.32;6;3.0
0.33;6;2.5
0.34;6;2.65
0.35;6;2.8
0.36;6;2.75
0.37;6;2.5
0.38;6;2.85
0.39;6;1.85
0.4;6;2.35
0.41;6;2.15
0.42;6;1.95
0.43;6;2.25
0.44;6;2.15
0.45;6;1.75
0.46;6;1.85
0.47;6;2.1
0.48;6;1.8
0.49;6;1.45
0.5;6;1.4
0.51;6;1.25
0.52;6;1.25
0.53;6;1.55
0.54;6;1.2
0.55;6;1.15
0.56;6;1.55
0.57;6;1.25
0.58;6;1.35
0.59;6;1.2
0.6;6;1.2
0.61;6;1.2
0.62;6;1.05
0.63;6;1.15
0.64;6;1.0
0.65;6;1.0
0.66;6;1.05
0.67;6;1.05
0.68;6;1.05
0.69;6;1.0
0.7;6;1.0
0.71;6;1.05
0.72;6;1.0
0.73;6;1.0
0.74;6;1.0
0.75;6;1.0
0.76;6;1.05
0.77;6;1.05
0.78;6;1.1
0.79;6;1.0
0.8;6;1.0
0.81;6;1.0
0.82;6;1.0
0.83;6;1.0
0.84;6;1.0
0.85;6;1.0
0.86;6;1.0
0.87;6;1.0
0.88;6;1.0
0.89;6;1.0
0.9;6;1.0
0.91;6;1.0
0.92;6;1.0
0.93;6;1.0
0.94;6;1.0
0.95;6;1.0
0.96;6;1.0
0.97;6;1.0
0.98;6;1.0
0.99;6;1.0
0.0;7;7.0
0.01;7;7.0
0.02;7;6.95
0.03;7;7.0
0.04;7;7.0
0.05;7;6.95
0.06;7;6.95
0.07;7;6.9
0.08;7;6.7
0.09;7;6.7
0.1;7;6.8
0.11;7;6.55
0.12;7;6.7
0.13;7;6.3
0.14;7;6.3
0.15;7;6.0
0.16;7;6.0
0.17;7;5.8
0.18;7;5.7
0.19;7;5.15
0.2;7;5.4
0.21;7;5.45
0.22;7;4.45
0.23;7;4.9
0.24;7;4.15
0.25;7;4.9
0.26;7;4.15
0.27;7;3.8
0.28;7;3.3
0.29;7;3.0
0.3;7;3.0
0.31;7;3.5
0.32;7;3.2
0.33;7;3.0
0.34;7;2.5
0.35;7;2.9
0.36;7;1.85
0.37;7;2.4
0.38;7;2.55
0.39;7;1.7
0.4;7;1.65
0.41;7;1.8
0.42;7;1.4
0.43;7;1.5
0.44;7;1.45
0.45;7;1.3
0.46;7;1.8
0.47;7;1.05
0.48;7;1.2
0.49;7;1.25
0.5;7;1.2
0.51;7;1.7
0.52;7;1.2
0.53;7;1.25
0.54;7;1.1
0.55;7;1.05
0.56;7;1.2
0.57;7;1.0
0.58;7;1.1
0.59;7;1.0
0.6;7;1.05
0.61;7;1.1
0.62;7;1.2
0.63;7;1.0
0.64;7;1.05
0.65;7;1.0
0.66;7;1.0
0.67;7;1.0
0.68;7;1.0
0.69;7;1.05
0.7;7;1.0
0.71;7;1.0
0.72;7;1.0
0.73;7;1.0
0.74;7;1.0
0.75;7;1.0
0.76;7;1.0
0.77;7;1.0
0.78;7;1.0
0.79;7;1.0
0.8;7;1.0
0.81;7;1.0
0.82;7;1.0
0.83;7;1.0
0.84;7;1.0
0.85;7;1.0
0.86;7;1.0
0.87;7;1.0
0.88;7;1.0
0.89;7;1.0
0.9;7;1.0
0.91;7;1.0
0.92;7;1.0
0.93;7;1.0
0.94;7;1.0
0.95;7;1.0
0.96;7;1.0
0.97;7;1.0
0.98;7;1.0
0.99;7;1.0
0.0;8;8.0
0.01;8;8.0
0.02;8;8.0
0.03;8;7.95
0.04;8;7.9
0.05;8;7.9
0.06;8;7.75
0.07;8;7.8
0.08;8;7.7
0.09;8;7.45
0.1;8;7.6
0.11;8;7.65
0.12;8;7.0
0.13;8;7.0
0.14;8;6.9
0.15;8;6.25
0.16;8;5.65
0.17;8;6.0
0.18;8;5.75
0.19;8;6.05
0.2;8;5.0
0.21;8;5.2
0.22;8;3.7
0.23;8;4.3
0.24;8;4.25
0.25;8;3.85
0.26;8;3.65
0.27;8;3.65
0.28;8;3.0
0.29;8;3.45
0.3;8;3.15
0.31;8;2.85
0.32;8;2.2
0.33;8;2.45
0.34;8;2.2
0.35;8;2.05
0.36;8;2.1
0.37;8;1.7
0.38;8;1.4
0.39;8;1.55
0.4;8;1.2
0.41;8;1.4
0.42;8;1.35
0.43;8;1.6
0.44;8;1.45
0.45;8;1.4
0.46;8;1.2
0.47;8;1.2
0.48;8;1.2
0.49;8;1.25
0.5;8;1.3
0.51;8;1.1
0.52;8;1.1
0.53;8;1.05
0.54;8;1.0
0.55;8;1.0
0.56;8;1.1
0.57;8;1.05
0.58;8;1.05
0.59;8;1.05
0.6;8;1.05
0.61;8;1.0
0.62;8;1.0
0.63;8;1.0
0.64;8;1.0
0.65;8;1.0
0.66;8;1.0
0.67;8;1.0
0.68;8;1.0
0.69;8;1.0
0.7;8;1.0
0.71;8;1.0
0.72;8;1.0
0.73;8;1.0
0.74;8;1.0
0.75;8;1.0
0.76;8;1.0
0.77;8;1.0
0.78;8;1.0
0.79;8;1.0
0.8;8;1.0
0.81;8;1.0
0.82;8;1.0
0.83;8;1.0
0.84;8;1.0
0.85;8;1.0
0.86;8;1.0
0.87;8;1.0
0.88;8;1.0
0.89;8;1.0
0.9;8;1.0
0.91;8;1.0
0.92;8;1.0
0.93;8;1.0
0.94;8;1.0
0.95;8;1.0
0.96;8;1.0
0.97;8;1.0
0.98;8;1.0
0.99;8;1.0
0.0;9;9.0
0.01;9;9.0
0.02;9;9.0
0.03;9;9.0
0.04;9;9.0
0.05;9;8.85
0.06;9;8.75
0.07;9;8.45
0.08;9;8.5
0.09;9;8.1
0.1;9;8.4
0.11;9;8.4
0.12;9;8.15
0.13;9;7.9
0.14;9;7.6
0.15;9;7.05
0.16;9;5.9
0.17;9;6.7
0.18;9;5.7
0.19;9;5.7
0.2;9;5.75
0.21;9;4.9
0.22;9;4.35
0.23;9;4.2
0.24;9;4.3
0.25;9;4.05
0.26;9;2.95
0.27;9;2.45
0.28;9;2.55
0.29;9;2.25
0.3;9;2.6
0.31;9;2.75
0.32;9;2.0
0.33;9;2.25
0.34;9;1.9
0.35;9;1.6
0.36;9;1.55
0.37;9;1.85
0.38;9;1.45
0.39;9;1.15
0.4;9;1.15
0.41;9;1.65
0.42;9;1.35
0.43;9;1.4
0.44;9;1.25
0.45;9;1.3
0.46;9;1.0
0.47;9;1.05
0.48;9;1.2
0.49;9;1.05
0.5;9;1.0
0.51;9;1.1
0.52;9;1.0
0.53;9;1.05
0.54;9;1.1
0.55;9;1.05
0.56;9;1.1
0.57;9;1.05
0.58;9;1.0
0.59;9;1.0
0.6;9;1.0
0.61;9;1.0
0.62;9;1.0
0.63;9;1.05
0.64;9;1.0
0.65;9;1.0
0.66;9;1.0
0.67;9;1.0
0.68;9;1.0
0.69;9;1.0
0.7;9;1.0
0.71;9;1.0
0.72;9;1.0
0.73;9;1.0
0.74;9;1.0
0.75;9;1.0
0.76;9;1.0
0.77;9;1.0
0.78;9;1.0
0.79;9;1.0
0.8;9;1.0
0.81;9;1.0
0.82;9;1.0
0.83;9;1.0
0.84;9;1.0
0.85;9;1.0
0.86;9;1.0
0.87;9;1.0
0.88;9;1.0
0.89;9;1.0
0.9;9;1.0
0.91;9;1.0
0.92;9;1.0
0.93;9;1.0
0.94;9;1.0
0.95;9;1.0
0.96;9;1.0
0.97;9;1.0
0.98;9;1.0
0.99;9;1.0
0.0;10;10.0
0.01;10;10.0
0.02;10;9.95
0.03;10;10.0
0.04;10;9.95
0.05;10;9.9
0.06;10;9.9
0.07;10;9.7
0.08;10;9.35
0.09;10;9.0
0.1;10;8.8
0.11;10;8.2
0.12;10;8.3
0.13;10;6.85
0.14;10;6.75
0.15;10;8.25
0.16;10;6.55
0.17;10;4.6
0.18;10;5.2
0.19;10;3.7
0.2;10;6.2
0.21;10;4.15
0.22;10;3.85
0.23;10;3.65
0.24;10;3.75
0.25;10;3.35
0.26;10;2.7
0.27;10;2.05
0.28;10;1.75
0.29;10;2.15
0.3;10;1.95
0.31;10;1.95
0.32;10;1.9
0.33;10;1.65
0.34;10;1.6
0.35;10;1.3
0.36;10;1.5
0.37;10;1.2
0.38;10;1.3
0.39;10;1.3
0.4;10;1.35
0.41;10;1.05
0.42;10;1.25
0.43;10;1.05
0.44;10;1.15
0.45;10;1.05
0.46;10;1.15
0.47;10;1.05
0.48;10;1.0
0.49;10;1.05
0.5;10;1.05
0.51;10;1.2
0.52;10;1.05
0.53;10;1.0
0.54;10;1.0
0.55;10;1.15
0.56;10;1.0
0.57;10;1.0
0.58;10;1.0
0.59;10;1.0
0.6;10;1.0
0.61;10;1.0
0.62;10;1.0
0.63;10;1.0
0.64;10;1.0
0.65;10;1.0
0.66;10;1.0
0.67;10;1.0
0.68;10;1.0
0.69;10;1.0
0.7;10;1.0
0.71;10;1.0
0.72;10;1.0
0.73;10;1.0
0.74;10;1.0
0.75;10;1.0
0.76;10;1.0
0.77;10;1.0
0.78;10;1.0
0.79;10;1.0
0.8;10;1.0
0.81;10;1.0
0.82;10;1.0
0.83;10;1.0
0.84;10;1.0
0.85;10;1.0
0.86;10;1.0
0.87;10;1.0
0.88;10;1.0
0.89;10;1.0
0.9;10;1.0
0.91;10;1.0
0.92;10;1.0
0.93;10;1.0
0.94;10;1.0
0.95;10;1.0
0.96;10;1.0
0.97;10;1.0
0.98;10;1.0
0.99;10;1.0
0.0;11;11.0
0.01;11;11.0
0.02;11;11.0
0.03;11;10.8
0.04;11;10.9
0.05;11;10.65
0.06;11;10.4
0.07;11;10.5
0.08;11;10.55
0.09;11;9.5
0.1;11;9.85
0.11;11;8.6
0.12;11;8.2
0.13;11;8.15
0.14;11;7.5
0.15;11;6.55
0.16;11;6.75
0.17;11;5.85
0.18;11;6.25
0.19;11;5.2
0.2;11;3.75
0.21;11;4.1
0.22;11;3.5
0.23;11;2.8
0.24;11;2.7
0.25;11;2.8
0.26;11;1.75
0.27;11;2.3
0.28;11;2.3
0.29;11;2.15
0.3;11;1.65
0.31;11;1.45
0.32;11;1.7
0.33;11;1.65
0.34;11;1.7
0.35;11;1.25
0.36;11;1.2
0.37;11;1.15
0.38;11;1.1
0.39;11;1.35
0.4;11;1.2
0.41;11;1.1
0.42;11;1.1
0.43;11;1.0
0.44;11;1.05
0.45;11;1.15
0.46;11;1.05
0.47;11;1.0
0.48;11;1.05
0.49;11;1.0
0.5;11;1.0
0.51;11;1.05
0.52;11;1.0
0.53;11;1.05
0.54;11;1.0
0.55;11;1.0
0.56;11;1.05
0.57;11;1.0
0.58;11;1.0
0.59;11;1.0
0.6;11;1.0
0.61;11;1.0
0.62;11;1.0
0.63;11;1.0
0.64;11;1.0
0.65;11;1.0
0.66;11;1.0
0.67;11;1.0
0.68;11;1.0
0.69;11;1.0
0.7;11;1.0
0.71;11;1.0
0.72;11;1.0
0.73;11;1.0
0.74;11;1.0
0.75;11;1.0
0.76;11;1.0
0.77;11;1.0
0.78;11;1.0
0.79;11;1.0
0.8;11;1.0
0.81;11;1.0
0.82;11;1.0
0.83;11;1.0
0.84;11;1.0
0.85;11;1.0
0.86;11;1.0
0.87;11;1.0
0.88;11;1.0
0.89;11;1.0
0.9;11;1.0
0.91;11;1.0
0.92;11;1.0
0.93;11;1.0
0.94;11;1.0
0.95;11;1.0
0.96;11;1.0
0.97;11;1.0
0.98;11;1.0
0.99;11;1.0
0.0;12;12.0
0.01;12;12.0
0.02;12;12.0
0.03;12;11.65
0.04;12;11.75
0.05;12;11.7
0.06;12;11.5
0.07;12;11.45
0.08;12;10.55
0.09;12;11.1
0.1;12;10.4
0.11;12;9.4
0.12;12;8.55
0.13;12;8.0
0.14;12;6.45
0.15;12;6.85
0.16;12;7.15
0.17;12;5.05
0.18;12;4.5
0.19;12;4.05
0.2;12;3.9
0.21;12;3.4
0.22;12;3.05
0.23;12;3.6
0.24;12;2.25
0.25;12;2.5
0.26;12;1.9
0.27;12;1.9
0.28;12;1.4
0.29;12;1.85
0.3;12;1.25
0.31;12;2.05
0.32;12;1.25
0.33;12;1.5
0.34;12;1.2
0.35;12;1.15
0.36;12;1.2
0.37;12;1.15
0.38;12;1.15
0.39;12;1.15
0.4;12;1.2
0.41;12;1.05
0.42;12;1.0
0.43;12;1.0
0.44;12;1.05
0.45;12;1.0
0.46;12;1.0
0.47;12;1.0
0.48;12;1.0
0.49;12;1.05
0.5;12;1.0
0.51;12;1.0
0.52;12;1.0
0.53;12;1.05
0.54;12;1.0
0.55;12;1.0
0.56;12;1.0
0.57;12;1.0
0.58;12;1.0
0.59;12;1.0
0.6;12;1.0
0.61;12;1.0
0.62;12;1.0
0.63;12;1.0
0.64;12;1.0
0.65;12;1.0
0.66;12;1.0
0.67;12;1.0
0.68;12;1.0
0.69;12;1.0
0.7;12;1.0
0.71;12;1.0
0.72;12;1.0
0.73;12;1.0
0.74;12;1.0
0.75;12;1.0
0.76;12;1.0
0.77;12;1.0
0.78;12;1.0
0.79;12;1.0
0.8;12;1.0
0.81;12;1.0
0.82;12;1.0
0.83;12;1.0
0.84;12;1.0
0.85;12;1.0
0.86;12;1.0
0.87;12;1.0
0.88;12;1.0
0.89;12;1.0
0.9;12;1.0
0.91;12;1.0
0.92;12;1.0
0.93;12;1.0
0.94;12;1.0
0.95;12;1.0
0.96;12;1.0
0.97;12;1.0
0.98;12;1.0
0.99;12;1.0
0.0;13;13.0
0.01;13;13.0
0.02;13;12.9
0.03;13;12.95
0.04;13;12.7
0.05;13;12.55
0.06;13;11.45
0.07;13;11.8
0.08;13;11.4
0.09;13;10.35
0.1;13;11.25
0.11;13;9.7
0.12;13;9.8
0.13;13;7.2
0.14;13;7.15
0.15;13;6.25
0.16;13;5.9
0.17;13;3.95
0.18;13;4.9
0.19;13;3.6
0.2;13;3.3
0.21;13;3.55
0.22;13;2.8
0.23;13;2.85
0.24;13;2.05
0.25;13;2.15
0.26;13;2.3
0.27;13;1.5
0.28;13;1.45
0.29;13;1.6
0.3;13;1.6
0.31;13;1.15
0.32;13;1.55
0.33;13;1.1
0.34;13;1.4
0.35;13;1.25
0.36;13;1.1
0.37;13;1.15
0.38;13;1.1
0.39;13;1.05
0.4;13;1.05
0.41;13;1.05
0.42;13;1.0
0.43;13;1.0
0.44;13;1.05
0.45;13;1.0
0.46;13;1.0
0.47;13;1.0
0.48;13;1.0
0.49;13;1.0
0.5;13;1.0
0.51;13;1.0
0.52;13;1.0
0.53;13;1.0
0.54;13;1.0
0.55;13;1.0
0.56;13;1.0
0.57;13;1.0
0.58;13;1.0
0.59;13;1.0
0.6;13;1.0
0.61;13;1.0
0.62;13;1.0
0.63;13;1.0
0.64;13;1.0
0.65;13;1.0
0.66;13;1.0
0.67;13;1.0
0.68;13;1.0
0.69;13;1.0
0.7;13;1.0
0.71;13;1.0
0.72;13;1.0
0.73;13;1.0
0.74;13;1.0
0.75;13;1.0
0.76;13;1.0
0.77;13;1.0
0.78;13;1.0
0.79;13;1.0
0.8;13;1.0
0.81;13;1.0
0.82;13;1.0
0.83;13;1.0
0.84;13;1.0
0.85;13;1.0
0.86;13;1.0
0.87;13;1.0
0.88;13;1.0
0.89;13;1.0
0.9;13;1.0
0.91;13;1.0
0.92;13;1.0
0.93;13;1.0
0.94;13;1.0
0.95;13;1.0
0.96;13;1.0
0.97;13;1.0
0.98;13;1.0
0.99;13;1.0
0.0;14;14.0
0.01;14;14.0
0.02;14;13.95
0.03;14;13.75
0.04;14;13.65
0.05;14;13.25
0.06;14;12.65
0.07;14;12.55
0.08;14;11.95
0.09;14;10.9
0.1;14;10.2
0.11;14;9.9
0.12;14;9.3
0.13;14;8.8
0.14;14;6.45
0.15;14;6.2
0.16;14;4.7
0.17;14;4.8
0.18;14;3.85
0.19;14;4.05
0.2;14;3.05
0.21;14;3.2
0.22;14;2.45
0.23;14;1.8
0.24;14;1.55
0.25;14;1.6
0.26;14;1.65
0.27;14;1.55
0.28;14;1.3
0.29;14;1.4
0.3;14;1.5
0.31;14;1.25
0.32;14;1.1
0.33;14;1.15
0.34;14;1.2
0.35;14;1.1
0.36;14;1.1
0.37;14;1.0
0.38;14;1.05
0.39;14;1.0
0.4;14;1.05
0.41;14;1.0
0.42;14;1.0
0.43;14;1.05
0.44;14;1.0
0.45;14;1.0
0.46;14;1.0
0.47;14;1.0
0.48;14;1.0
0.49;14;1.0
0.5;14;1.0
0.51;14;1.0
0.52;14;1.0
0.53;14;1.0
0.54;14;1.05
0.55;14;1.0
0.56;14;1.0
0.57;14;1.0
0.58;14;1.0
0.59;14;1.0
0.6;14;1.0
0.61;14;1.0
0.62;14;1.0
0.63;14;1.0
0.64;14;1.0
0.65;14;1.0
0.66;14;1.0
0.67;14;1.0
0.68;14;1.0
0.69;14;1.0
0.7;14;1.0
0.71;14;1.0
0.72;14;1.0
0.73;14;1.0
0.74;14;1.0
0.75;14;1.0
0.76;14;1.0
0.77;14;1.0
0.78;14;1.0
0.79;14;1.0
0.8;14;1.0
0.81;14;1.0
0.82;14;1.0
0.83;14;1.0
0.84;14;1.0
0.85;14;1.0
0.86;14;1.0
0.87;14;1.0
0.88;14;1.0
0.89;14;1.0
0.9;14;1.0
0.91;14;1.0
0.92;14;1.0
0.93;14;1.0
0.94;14;1.0
0.95;14;1.0
0.96;14;1.0
0.97;14;1.0
0.98;14;1.0
0.99;14;1.0
0.0;15;15.0
0.01;15;14.95
0.02;15;15.0
0.03;15;14.85
0.04;15;14.3
0.05;15;14.25
0.06;15;13.8
0.07;15;12.95
0.08;15;12.4
0.09;15;12.5
0.1;15;10.45
0.11;15;10.2
0.12;15;8.05
0.13;15;6.55
0.14;15;5.9
0.15;15;6.3
0.16;15;4.0
0.17;15;4.1
0.18;15;4.1
0.19;15;3.4
0.2;15;2.95
0.21;15;1.8
0.22;15;1.65
0.23;15;1.8
0.24;15;1.85
0.25;15;1.5
0.26;15;1.4
0.27;15;1.2
0.28;15;1.15
0.29;15;1.35
0.3;15;1.15
0.31;15;1.3
0.32;15;1.1
0.33;15;1.1
0.34;15;1.15
0.35;15;1.15
0.36;15;1.15
0.37;15;1.0
0.38;15;1.05
0.39;15;1.05
0.4;15;1.1
0.41;15;1.05
0.42;15;1.05
0.43;15;1.0
0.44;15;1.0
0.45;15;1.0
0.46;15;1.0
0.47;15;1.0
0.48;15;1.0
0.49;15;1.0
0.5;15;1.0
0.51;15;1.0
0.52;15;1.0
0.53;15;1.0
0.54;15;1.0
0.55;15;1.0
0.56;15;1.0
0.57;15;1.0
0.58;15;1.0
0.59;15;1.0
0.6;15;1.0
0.61;15;1.0
0.62;15;1.0
0.63;15;1.0
0.64;15;1.0
0.65;15;1.0
0.66;15;1.0
0.67;15;1.0
0.68;15;1.0
0.69;15;1.0
0.7;15;1.0
0.71;15;1.0
0.72;15;1.0
0.73;15;1.0
0.74;15;1.0
0.75;15;1.0
0.76;15;1.0
0.77;15;1.0
0.78;15;1.0
0.79;15;1.0
0.8;15;1.0
0.81;15;1.0
0.82;15;1.0
0.83;15;1.0
0.84;15;1.0
0.85;15;1.0
0.86;15;1.0
0.87;15;1.0
0.88;15;1.0
0.89;15;1.0
0.9;15;1.0
0.91;15;1.0
0.92;15;1.0
0.93;15;1.0
0.94;15;1.0
0.95;15;1.0
0.96;15;1.0
0.97;15;1.0
0.98;15;1.0
0.99;15;1.0
0.0;16;16.0
0.01;16;16.0
0.02;16;16.0
0.03;16;15.6
0.04;16;15.1
0.05;16;14.85
0.06;16;13.6
0.07;16;13.45
0.08;16;12.65
0.09;16;12.7
0.1;16;11.65
0.11;16;9.0
0.12;16;8.9
0.13;16;6.7
0.14;16;5.65
0.15;16;6.75
0.16;16;3.7
0.17;16;3.75
0.18;16;3.2
0.19;16;2.1
0.2;16;2.15
0.21;16;1.7
0.22;16;1.9
0.23;16;1.9
0.24;16;1.45
0.25;16;1.4
0.26;16;1.4
0.27;16;1.35
0.28;16;1.2
0.29;16;1.2
0.3;16;1.4
0.31;16;1.25
0.32;16;1.1
0.33;16;1.1
0.34;16;1.0
0.35;16;1.0
0.36;16;1.0
0.37;16;1.0
0.38;16;1.0
0.39;16;1.0
0.4;16;1.0
0.41;16;1.0
0.42;16;1.0
0.43;16;1.0
0.44;16;1.0
0.45;16;1.0
0.46;16;1.0
0.47;16;1.0
0.48;16;1.0
0.49;16;1.0
0.5;16;1.0
0.51;16;1.0
0.52;16;1.0
0.53;16;1.0
0.54;16;1.0
0.55;16;1.0
0.56;16;1.0
0.57;16;1.0
0.58;16;1.0
0.59;16;1.0
0.6;16;1.0
0.61;16;1.0
0.62;16;1.0
0.63;16;1.0
0.64;16;1.0
0.65;16;1.0
0.66;16;1.0
0.67;16;1.0
0.68;16;1.0
0.69;16;1.0
0.7;16;1.0
0.71;16;1.0
0.72;16;1.0
0.73;16;1.0
0.74;16;1.0
0.75;16;1.0
0.76;16;1.0
0.77;16;1.0
0.78;16;1.0
0.79;16;1.0
0.8;16;1.0
0.81;16;1.0
0.82;16;1.0
0.83;16;1.0
0.84;16;1.0
0.85;16;1.0
0.86;16;1.0
0.87;16;1.0
0.88;16;1.0
0.89;16;1.0
0.9;16;1.0
0.91;16;1.0
0.92;16;1.0
0.93;16;1.0
0.94;16;1.0
0.95;16;1.0
0.96;16;1.0
0.97;16;1.0
0.98;16;1.0
0.99;16;1.0
0.0;17;17.0
0.01;17;16.95
0.02;17;17.0
0.03;17;16.8
0.04;17;16.25
0.05;17;15.55
0.06;17;15.1
0.07;17;15.05
0.08;17;13.25
0.09;17;11.65
0.1;17;9.9
0.11;17;9.95
0.12;17;8.7
0.13;17;5.3
0.14;17;5.4
0.15;17;4.9
0.16;17;3.45
0.17;17;3.65
0.18;17;3.0
0.19;17;1.95
0.2;17;1.9
0.21;17;1.75
0.22;17;1.3
0.23;17;1.55
0.24;17;1.5
0.25;17;1.55
0.26;17;1.2
0.27;17;1.2
0.28;17;1.2
0.29;17;1.2
0.3;17;1.25
0.31;17;1.0
0.32;17;1.05
0.33;17;1.1
0.34;17;1.1
0.35;17;1.0
0.36;17;1.0
0.37;17;1.0
0.38;17;1.05
0.39;17;1.0
0.4;17;1.0
0.41;17;1.0
0.42;17;1.0
0.43;17;1.0
0.44;17;1.0
0.45;17;1.0
0.46;17;1.0
0.47;17;1.0
0.48;17;1.0
0.49;17;1.0
0.5;17;1.0
0.51;17;1.0
0.52;17;1.0
0.53;17;1.0
0.54;17;1.0
0.55;17;1.0
0.56;17;1.0
0.57;17;1.0
0.58;17;1.0
0.59;17;1.0
0.6;17;1.0
0.61;17;1.0
0.62;17;1.0
0.63;17;1.0
0.64;17;1.0
0.65;17;1.0
0.66;17;1.0
0.67;17;1.0
0.68;17;1.0
0.69;17;1.0
0.7;17;1.0
0.71;17;1.0
0.72;17;1.0
0.73;17;1.0
0.74;17;1.0
0.75;17;1.0
0.76;17;1.0
0.77;17;1.0
0.78;17;1.0
0.79;17;1.0
0.8;17;1.0
0.81;17;1.0
0.82;17;1.0
0.83;17;1.0
0.84;17;1.0
0.85;17;1.0
0.86;17;1.0
0.87;17;1.0
0.88;17;1.0
0.89;17;1.0
0.9;17;1.0
0.91;17;1.0
0.92;17;1.0
0.93;17;1.0
0.94;17;1.0
0.95;17;1.0
0.96;17;1.0
0.97;17;1.0
0.98;17;1.0
0.99;17;1.0
0.0;18;18.0
0.01;18;18.0
0.02;18;17.85
0.03;18;17.65
0.04;18;17.2
0.05;18;16.5
0.06;18;16.65
0.07;18;14.25
0.08;18;12.75
0.09;18;13.35
0.1;18;8.95
0.11;18;6.85
0.12;18;7.35
0.13;18;5.45
0.14;18;5.85
0.15;18;3.5
0.16;18;5.05
0.17;18;3.1
0.18;18;2.45
0.19;18;1.85
0.2;18;1.85
0.21;18;1.65
0.22;18;2.1
0.23;18;1.35
0.24;18;1.35
0.25;18;1.1
0.26;18;1.55
0.27;18;1.0
0.28;18;1.1
0.29;18;1.0
0.3;18;1.1
0.31;18;1.05
0.32;18;1.0
0.33;18;1.0
0.34;18;1.05
0.35;18;1.0
0.36;18;1.05
0.37;18;1.0
0.38;18;1.0
0.39;18;1.0
0.4;18;1.0
0.41;18;1.0
0.42;18;1.0
0.43;18;1.0
0.44;18;1.0
0.45;18;1.0
0.46;18;1.0
0.47;18;1.0
0.48;18;1.0
0.49;18;1.0
0.5;18;1.0
0.51;18;1.0
0.52;18;1.0
0.53;18;1.0
0.54;18;1.0
0.55;18;1.0
0.56;18;1.0
0.57;18;1.0
0.58;18;1.0
0.59;18;1.0
0.6;18;1.0
0.61;18;1.0
0.62;18;1.0
0.63;18;1.0
0.64;18;1.0
0.65;18;1.0
0.66;18;1.0
0.67;18;1.0
0.68;18;1.0
0.69;18;1.0
0.7;18;1.0
0.71;18;1.0
0.72;18;1.0
0.73;18;1.0
0.74;18;1.0
0.75;18;1.0
0.76;18;1.0
0.77;18;1.0
0.78;18;1.0
0.79;18;1.0
0.8;18;1.0
0.81;18;1.0
0.82;18;1.0
0.83;18;1.0
0.84;18;1.0
0.85;18;1.0
0.86;18;1.0
0.87;18;1.0
0.88;18;1.0
0.89;18;1.0
0.9;18;1.0
0.91;18;1.0
0.92;18;1.0
0.93;18;1.0
0.94;18;1.0
0.95;18;1.0
0.96;18;1.0
0.97;18;1.0
0.98;18;1.0
0.99;18;1.0
0.0;19;19.0
0.01;19;18.9
0.02;19;19.0
0.03;19;18.9
0.04;19;18.35
0.05;19;17.25
0.06;19;17.2
0.07;19;15.35
0.08;19;13.15
0.09;19;11.85
0.1;19;9.65
0.11;19;7.4
0.12;19;5.7
0.13;19;6.45
0.14;19;5.55
0.15;19;3.2
0.16;19;2.95
0.17;19;2.7
0.18;19;2.55
0.19;19;1.9
0.2;19;2.0
0.21;19;1.7
0.22;19;1.85
0.23;19;1.3
0.24;19;1.4
0.25;19;1.35
0.26;19;1.2
0.27;19;1.15
0.28;19;1.2
0.29;19;1.05
0.3;19;1.0
0.31;19;1.15
0.32;19;1.1
0.33;19;1.05
0.34;19;1.1
0.35;19;1.0
0.36;19;1.0
0.37;19;1.05
0.38;19;1.0
0.39;19;1.0
0.4;19;1.0
0.41;19;1.05
0.42;19;1.0
0.43;19;1.0
0.44;19;1.0
0.45;19;1.0
0.46;19;1.0
0.47;19;1.0
0.48;19;1.0
0.49;19;1.0
0.5;19;1.0
0.51;19;1.0
0.52;19;1.0
0.53;19;1.0
0.54;19;1.0
0.55;19;1.0
0.56;19;1.0
0.57;19;1.0
0.58;19;1.0
0.59;19;1.0
0.6;19;1.0
0.61;19;1.0
0.62;19;1.0
0.63;19;1.0
0.64;19;1.0
0.65;19;1.0
0.66;19;1.0
0.67;19;1.0
0.68;19;1.0
0.69;19;1.0
0.7;19;1.0
0.71;19;1.0
0.72;19;1.0
0.73;19;1.0
0.74;19;1.0
0.75;19;1.0
0.76;19;1.0
0.77;19;1.0
0.78;19;1.0
0.79;19;1.0
0.8;19;1.0
0.81;19;1.0
0.82;19;1.0
0.83;19;1.0
0.84;19;1.0
0.85;19;1.0
0.86;19;1.0
0.87;19;1.0
0.88;19;1.0
0.89;19;1.0
0.9;19;1.0
0.91;19;1.0
0.92;19;1.0
0.93;19;1.0
0.94;19;1.0
0.95;19;1.0
0.96;19;1.0
0.97;19;1.0
0.98;19;1.0
0.99;19;1.0
0.0;20;20.0
0.01;20;20.0
0.02;20;19.85
0.03;20;19.35
0.04;20;18.9
0.05;20;18.8
0.06;20;16.7
0.07;20;16.6
0.08;20;11.7
0.09;20;11.15
0.1;20;9.9
0.11;20;7.9
0.12;20;7.15
0.13;20;5.45
0.14;20;3.25
0.15;20;2.85
0.16;20;2.4
0.17;20;2.15
0.18;20;1.9
0.19;20;2.2
0.2;20;1.65
0.21;20;1.45
0.22;20;1.2
0.23;20;1.25
0.24;20;1.15
0.25;20;1.15
0.26;20;1.05
0.27;20;1.05
0.28;20;1.1
0.29;20;1.05
0.3;20;1.05
0.31;20;1.05
0.32;20;1.0
0.33;20;1.05
0.34;20;1.0
0.35;20;1.0
0.36;20;1.0
0.37;20;1.15
0.38;20;1.0
0.39;20;1.0
0.4;20;1.0
0.41;20;1.0
0.42;20;1.0
0.43;20;1.0
0.44;20;1.0
0.45;20;1.0
0.46;20;1.0
0.47;20;1.0
0.48;20;1.0
0.49;20;1.0
0.5;20;1.0
0.51;20;1.0
0.52;20;1.0
0.53;20;1.0
0.54;20;1.0
0.55;20;1.0
0.56;20;1.0
0.57;20;1.0
0.58;20;1.0
0.59;20;1.0
0.6;20;1.0
0.61;20;1.0
0.62;20;1.0
0.63;20;1.0
0.64;20;1.0
0.65;20;1.0
0.66;20;1.0
0.67;20;1.0
0.68;20;1.0
0.69;20;1.0
0.7;20;1.0
0.71;20;1.0
0.72;20;1.0
0.73;20;1.0
0.74;20;1.0
0.75;20;1.0
0.76;20;1.0
0.77;20;1.0
0.78;20;1.0
0.79;20;1.0
0.8;20;1.0
0.81;20;1.0
0.82;20;1.0
0.83;20;1.0
0.84;20;1.0
0.85;20;1.0
0.86;20;1.0
0.87;20;1.0
0.88;20;1.0
0.89;20;1.0
0.9;20;1.0
0.91;20;1.0
0.92;20;1.0
0.93;20;1.0
0.94;20;1.0
0.95;20;1.0
0.96;20;1.0
0.97;20;1.0
0.98;20;1.0
0.99;20;1.0
0.0;21;21.0
0.01;21;20.85
0.02;21;20.65
0.03;21;20.55
0.04;21;19.7
0.05;21;19.9
0.06;21;17.9
0.07;21;14.6
0.08;21;13.65
0.09;21;10.8
0.1;21;8.55
0.11;21;5.5
0.12;21;6.75
0.13;21;4.5
0.14;21;3.3
0.15;21;3.05
0.16;21;3.25
0.17;21;1.7
0.18;21;1.8
0.19;21;1.65
0.2;21;1.65
0.21;21;1.4
0.22;21;1.3
0.23;21;1.45
0.24;21;1.1
0.25;21;1.15
0.26;21;1.05
0.27;21;1.1
0.28;21;1.1
0.29;21;1.05
0.3;21;1.05
0.31;21;1.0
0.32;21;1.05
0.33;21;1.0
0.34;21;1.0
0.35;21;1.0
0.36;21;1.0
0.37;21;1.0
0.38;21;1.0
0.39;21;1.0
0.4;21;1.0
0.41;21;1.0
0.42;21;1.05
0.43;21;1.0
0.44;21;1.0
0.45;21;1.0
0.46;21;1.0
0.47;21;1.0
0.48;21;1.0
0.49;21;1.0
0.5;21;1.0
0.51;21;1.0
0.52;21;1.0
0.53;21;1.0
0.54;21;1.0
0.55;21;1.0
0.56;21;1.0
0.57;21;1.0
0.58;21;1.0
0.59;21;1.0
0.6;21;1.0
0.61;21;1.0
0.62;21;1.0
0.63;21;1.0
0.64;21;1.0
0.65;21;1.0
0.66;21;1.0
0.67;21;1.0
0.68;21;1.0
0.69;21;1.0
0.7;21;1.0
0.71;21;1.0
0.72;21;1.0
0.73;21;1.0
0.74;21;1.0
0.75;21;1.0
0.76;21;1.0
0.77;21;1.0
0.78;21;1.0
0.79;21;1.0
0.8;21;1.0
0.81;21;1.0
0.82;21;1.0
0.83;21;1.0
0.84;21;1.0
0.85;21;1.0
0.86;21;1.0
0.87;21;1.0
0.88;21;1.0
0.89;21;1.0
0.9;21;1.0
0.91;21;1.0
0.92;21;1.0
0.93;21;1.0
0.94;21;1.0
0.95;21;1.0
0.96;21;1.0
0.97;21;1.0
0.98;21;1.0
0.99;21;1.0
0.0;22;22.0
0.01;22;21.95
0.02;22;21.75
0.03;22;21.4
0.04;22;21.1
0.05;22;17.85
0.06;22;18.15
0.07;22;14.85
0.08;22;13.3
0.09;22;11.2
0.1;22;8.1
0.11;22;6.2
0.12;22;5.0
0.13;22;4.35
0.14;22;4.3
0.15;22;2.95
0.16;22;2.35
0.17;22;2.25
0.18;22;1.35
0.19;22;1.75
0.2;22;1.45
0.21;22;1.4
0.22;22;1.35
0.23;22;1.1
0.24;22;1.15
0.25;22;1.05
0.26;22;1.2
0.27;22;1.05
0.28;22;1.0
0.29;22;1.0
0.3;22;1.05
0.31;22;1.0
0.32;22;1.15
0.33;22;1.0
0.34;22;1.0
0.35;22;1.0
0.36;22;1.0
0.37;22;1.0
0.38;22;1.0
0.39;22;1.0
0.4;22;1.0
0.41;22;1.0
0.42;22;1.0
0.43;22;1.0
0.44;22;1.0
0.45;22;1.0
0.46;22;1.0
0.47;22;1.0
0.48;22;1.0
0.49;22;1.0
0.5;22;1.0
0.51;22;1.0
0.52;22;1.0
0.53;22;1.0
0.54;22;1.0
0.55;22;1.0
0.56;22;1.0
0.57;22;1.0
0.58;22;1.0
0.59;22;1.0
0.6;22;1.0
0.61;22;1.0
0.62;22;1.0
0.63;22;1.0
0.64;22;1.0
0.65;22;1.0
0.66;22;1.0
0.67;22;1.0
0.68;22;1.0
0.69;22;1.0
0.7;22;1.0
0.71;22;1.0
0.72;22;1.0
0.73;22;1.0
0.74;22;1.0
0.75;22;1.0
0.76;22;1.0
0.77;22;1.0
0.78;22;1.0
0.79;22;1.0
0.8;22;1.0
0.81;22;1.0
0.82;22;1.0
0.83;22;1.0
0.84;22;1.0
0.85;22;1.0
0.86;22;1.0
0.87;22;1.0
0.88;22;1.0
0.89;22;1.0
0.9;22;1.0
0.91;22;1.0
0.92;22;1.0
0.93;22;1.0
0.94;22;1.0
0.95;22;1.0
0.96;22;1.0
0.97;22;1.0
0.98;22;1.0
0.99;22;1.0
0.0;23;23.0
0.01;23;23.0
0.02;23;22.8
0.03;23;22.6
0.04;23;21.65
0.05;23;21.0
0.06;23;18.5
0.07;23;13.35
0.08;23;12.75
0.09;23;9.8
0.1;23;6.45
0.11;23;6.05
0.12;23;4.65
0.13;23;3.3
0.14;23;3.3
0.15;23;2.85
0.16;23;2.0
0.17;23;1.75
0.18;23;1.25
0.19;23;1.75
0.2;23;1.45
0.21;23;1.5
0.22;23;1.25
0.23;23;1.0
0.24;23;1.2
0.25;23;1.1
0.26;23;1.0
0.27;23;1.0
0.28;23;1.0
0.29;23;1.0
0.3;23;1.0
0.31;23;1.0
0.32;23;1.0
0.33;23;1.0
0.34;23;1.0
0.35;23;1.0
0.36;23;1.1
0.37;23;1.0
0.38;23;1.0
0.39;23;1.0
0.4;23;1.0
0.41;23;1.0
0.42;23;1.0
0.43;23;1.0
0.44;23;1.0
0.45;23;1.0
0.46;23;1.0
0.47;23;1.0
0.48;23;1.0
0.49;23;1.0
0.5;23;1.0
0.51;23;1.0
0.52;23;1.0
0.53;23;1.0
0.54;23;1.0
0.55;23;1.0
0.56;23;1.0
0.57;23;1.0
0.58;23;1.0
0.59;23;1.0
0.6;23;1.0
0.61;23;1.0
0.62;23;1.0
0.63;23;1.0
0.64;23;1.0
0.65;23;1.0
0.66;23;1.0
0.67;23;1.0
0.68;23;1.0
0.69;23;1.0
0.7;23;1.0
0.71;23;1.0
0.72;23;1.0
0.73;23;1.0
0.74;23;1.0
0.75;23;1.0
0.76;23;1.0
0.77;23;1.0
0.78;23;1.0
0.79;23;1.0
0.8;23;1.0
0.81;23;1.0
0.82;23;1.0
0.83;23;1.0
0.84;23;1.0
0.85;23;1.0
0.86;23;1.0
0.87;23;1.0
0.88;23;1.0
0.89;23;1.0
0.9;23;1.0
0.91;23;1.0
0.92;23;1.0
0.93;23;1.0
0.94;23;1.0
0.95;23;1.0
0.96;23;1.0
0.97;23;1.0
0.98;23;1.0
0.99;23;1.0
0.0;24;24.0
0.01;24;24.0
0.02;24;23.65
0.03;24;23.2
0.04;24;21.95
0.05;24;21.5
0.06;24;18.15
0.07;24;13.75
0.08;24;12.2
0.09;24;9.2
0.1;24;5.7
0.11;24;5.0
0.12;24;3.8
0.13;24;2.75
0.14;24;2.4
0.15;24;2.6
0.16;24;1.65
0.17;24;1.75
0.18;24;1.55
0.19;24;1.15
0.2;24;1.25
0.21;24;1.15
0.22;24;1.1
0.23;24;1.2
0.24;24;1.1
0.25;24;1.05
0.26;24;1.05
0.27;24;1.05
0.28;24;1.0
0.29;24;1.0
0.3;24;1.0
0.31;24;1.0
0.32;24;1.0
0.33;24;1.0
0.34;24;1.0
0.35;24;1.0
0.36;24;1.0
0.37;24;1.0
0.38;24;1.0
0.39;24;1.0
0.4;24;1.0
0.41;24;1.0
0.42;24;1.0
0.43;24;1.0
0.44;24;1.0
0.45;24;1.0
0.46;24;1.0
0.47;24;1.0
0.48;24;1.0
0.49;24;1.0
0.5;24;1.0
0.51;24;1.0
0.52;24;1.0
0.53;24;1.0
0.54;24;1.0
0.55;24;1.0
0.56;24;1.0
0.57;24;1.0
0.58;24;1.0
0.59;24;1.0
0.6;24;1.0
0.61;24;1.0
0.62;24;1.0
0.63;24;1.0
0.64;24;1.0
0.65;24;1.0
0.66;24;1.0
0.67;24;1.0
0.68;24;1.0
0.69;24;1.0
0.7;24;1.0
0.71;24;1.0
0.72;24;1.0
0.73;24;1.0
0.74;24;1.0
0.75;24;1.0
0.76;24;1.0
0.77;24;1.0
0.78;24;1.0
0.79;24;1.0
0.8;24;1.0
0.81;24;1.0
0.82;24;1.0
0.83;24;1.0
0.84;24;1.0
0.85;24;1.0
0.86;24;1.0
0.87;24;1.0
0.88;24;1.0
0.89;24;1.0
0.9;24;1.0
0.91;24;1.0
0.92;24;1.0
0.93;24;1.0
0.94;24;1.0
0.95;24;1.0
0.96;24;1.0
0.97;24;1.0
0.98;24;1.0
0.99;24;1.0
0.0;25;25.0
0.01;25;25.0
0.02;25;24.85
0.03;25;24.15
0.04;25;22.8
0.05;25;21.25
0.06;25;17.2
0.07;25;12.3
0.08;25;10.1
0.09;25;7.65
0.1;25;4.8
0.11;25;5.15
0.12;25;3.45
0.13;25;3.15
0.14;25;2.45
0.15;25;2.35
0.16;25;1.85
0.17;25;1.7
0.18;25;1.2
0.19;25;1.45
0.2;25;1.15
0.21;25;1.25
0.22;25;1.15
0.23;25;1.05
0.24;25;1.05
0.25;25;1.0
0.26;25;1.1
0.27;25;1.0
0.28;25;1.0
0.29;25;1.0
0.3;25;1.05
0.31;25;1.0
0.32;25;1.0
0.33;25;1.0
0.34;25;1.0
0.35;25;1.0
0.36;25;1.0
0.37;25;1.0
0.38;25;1.0
0.39;25;1.0
0.4;25;1.0
0.41;25;1.0
0.42;25;1.0
0.43;25;1.0
0.44;25;1.0
0.45;25;1.0
0.46;25;1.0
0.47;25;1.0
0.48;25;1.0
0.49;25;1.0
0.5;25;1.0
0.51;25;1.0
0.52;25;1.0
0.53;25;1.0
0.54;25;1.0
0.55;25;1.0
0.56;25;1.0
0.57;25;1.0
0.58;25;1.0
0.59;25;1.0
0.6;25;1.0
0.61;25;1.0
0.62;25;1.0
0.63;25;1.0
0.64;25;1.0
0.65;25;1.0
0.66;25;1.0
0.67;25;1.0
0.68;25;1.0
0.69;25;1.0
0.7;25;1.0
0.71;25;1.0
0.72;25;1.0
0.73;25;1.0
0.74;25;1.0
0.75;25;1.0
0.76;25;1.0
0.77;25;1.0
0.78;25;1.0
0.79;25;1.0
0.8;25;1.0
0.81;25;1.0
0.82;25;1.0
0.83;25;1.0
0.84;25;1.0
0.85;25;1.0
0.86;25;1.0
0.87;25;1.0
0.88;25;1.0
0.89;25;1.0
0.9;25;1.0
0.91;25;1.0
0.92;25;1.0
0.93;25;1.0
0.94;25;1.0
0.95;25;1.0
0.96;25;1.0
0.97;25;1.0
0.98;25;1.0
0.99;25;1.0
0.0;26;26.0
0.01;26;26.0
0.02;26;25.7
0.03;26;25.15
0.04;26;23.3
0.05;26;21.6
0.06;26;17.35
0.07;26;14.6
0.08;26;12.3
0.09;26;8.5
0.1;26;5.55
0.11;26;4.85
0.12;26;3.8
0.13;26;3.7
0.14;26;2.5
0.15;26;1.9
0.16;26;1.8
0.17;26;1.2
0.18;26;1.3
0.19;26;1.5
0.2;26;1.45
0.21;26;1.05
0.22;26;1.05
0.23;26;1.1
0.24;26;1.0
0.25;26;1.05
0.26;26;1.05
0.27;26;1.0
0.28;26;1.05
0.29;26;1.0
0.3;26;1.0
0.31;26;1.0
0.32;26;1.0
0.33;26;1.0
0.34;26;1.0
0.35;26;1.0
0.36;26;1.0
0.37;26;1.05
0.38;26;1.0
0.39;26;1.0
0.4;26;1.0
0.41;26;1.0
0.42;26;1.0
0.43;26;1.0
0.44;26;1.0
0.45;26;1.0
0.46;26;1.0
0.47;26;1.0
0.48;26;1.0
0.49;26;1.0
0.5;26;1.0
0.51;26;1.0
0.52;26;1.0
0.53;26;1.0
0.54;26;1.0
0.55;26;1.0
0.56;26;1.0
0.57;26;1.0
0.58;26;1.0
0.59;26;1.0
0.6;26;1.0
0.61;26;1.0
0.62;26;1.0
0.63;26;1.0
0.64;26;1.0
0.65;26;1.0
0.66;26;1.0
0.67;26;1.0
0.68;26;1.0
0.69;26;1.0
0.7;26;1.0
0.71;26;1.0
0.72;26;1.0
0.73;26;1.0
0.74;26;1.0
0.75;26;1.0
0.76;26;1.0
0.77;26;1.0
0.78;26;1.0
0.79;26;1.0
0.8;26;1.0
0.81;26;1.0
0.82;26;1.0
0.83;26;1.0
0.84;26;1.0
0.85;26;1.0
0.86;26;1.0
0.87;26;1.0
0.88;26;1.0
0.89;26;1.0
0.9;26;1.0
0.91;26;1.0
0.92;26;1.0
0.93;26;1.0
0.94;26;1.0
0.95;26;1.0
0.96;26;1.0
0.97;26;1.0
0.98;26;1.0
0.99;26;1.0
0.0;27;27.0
0.01;27;26.75
0.02;27;26.55
0.03;27;26.2
0.04;27;23.25
0.05;27;21.9
0.06;27;16.95
0.07;27;12.15
0.08;27;10.75
0.09;27;6.25
0.1;27;6.25
0.11;27;3.7
0.12;27;3.35
0.13;27;3.05
0.14;27;1.85
0.15;27;1.85
0.16;27;2.0
0.17;27;1.45
0.18;27;1.35
0.19;27;1.25
0.2;27;1.1
0.21;27;1.15
0.22;27;1.05
0.23;27;1.2
0.24;27;1.0
0.25;27;1.0
0.26;27;1.0
0.27;27;1.0
0.28;27;1.0
0.29;27;1.0
0.3;27;1.0
0.31;27;1.0
0.32;27;1.0
0.33;27;1.0
0.34;27;1.0
0.35;27;1.0
0.36;27;1.0
0.37;27;1.0
0.38;27;1.0
0.39;27;1.0
0.4;27;1.0
0.41;27;1.0
0.42;27;1.0
0.43;27;1.0
0.44;27;1.0
0.45;27;1.0
0.46;27;1.0
0.47;27;1.0
0.48;27;1.0
0.49;27;1.0
0.5;27;1.0
0.51;27;1.0
0.52;27;1.0
0.53;27;1.0
0.54;27;1.0
0.55;27;1.0
0.56;27;1.0
0.57;27;1.0
0.58;27;1.0
0.59;27;1.0
0.6;27;1.0
0.61;27;1.0
0.62;27;1.0
0.63;27;1.0
0.64;27;1.0
0.65;27;1.0
0.66;27;1.0
0.67;27;1.0
0.68;27;1.0
0.69;27;1.0
0.7;27;1.0
0.71;27;1.0
0.72;27;1.0
0.73;27;1.0
0.74;27;1.0
0.75;27;1.0
0.76;27;1.0
0.77;27;1.0
0.78;27;1.0
0.79;27;1.0
0.8;27;1.0
0.81;27;1.0
0.82;27;1.0
0.83;27;1.0
0.84;27;1.0
0.85;27;1.0
0.86;27;1.0
0.87;27;1.0
0.88;27;1.0
0.89;27;1.0
0.9;27;1.0
0.91;27;1.0
0.92;27;1.0
0.93;27;1.0
0.94;27;1.0
0.95;27;1.0
0.96;27;1.0
0.97;27;1.0
0.98;27;1.0
0.99;27;1.0
0.0;28;28.0
0.01;28;28.0
0.02;28;27.85
0.03;28;26.75
0.04;28;24.1
0.05;28;21.7
0.06;28;15.85
0.07;28;13.1
0.08;28;9.5
0.09;28;7.05
0.1;28;6.1
0.11;28;3.9
0.12;28;2.85
0.13;28;2.3
0.14;28;2.4
0.15;28;1.7
0.16;28;1.5
0.17;28;1.6
0.18;28;1.4
0.19;28;1.2
0.2;28;1.15
0.21;28;1.0
0.22;28;1.1
0.23;28;1.0
0.24;28;1.0
0.25;28;1.0
0.26;28;1.0
0.27;28;1.0
0.28;28;1.0
0.29;28;1.0
0.3;28;1.0
0.31;28;1.0
0.32;28;1.0
0.33;28;1.0
0.34;28;1.0
0.35;28;1.0
0.36;28;1.0
0.37;28;1.0
0.38;28;1.0
0.39;28;1.0
0.4;28;1.0
0.41;28;1.0
0.42;28;1.0
0.43;28;1.0
0.44;28;1.0
0.45;28;1.0
0.46;28;1.0
0.47;28;1.0
0.48;28;1.0
0.49;28;1.0
0.5;28;1.0
0.51;28;1.0
0.52;28;1.0
0.53;28;1.0
0.54;28;1.0
0.55;28;1.0
0.56;28;1.0
0.57;28;1.0
0.58;28;1.0
0.59;28;1.0
0.6;28;1.0
0.61;28;1.0
0.62;28;1.0
0.63;28;1.0
0.64;28;1.0
0.65;28;1.0
0.66;28;1.0
0.67;28;1.0
0.68;28;1.0
0.69;28;1.0
0.7;28;1.0
0.71;28;1.0
0.72;28;1.0
0.73;28;1.0
0.74;28;1.0
0.75;28;1.0
0.76;28;1.0
0.77;28;1.0
0.78;28;1.0
0.79;28;1.0
0.8;28;1.0
0.81;28;1.0
0.82;28;1.0
0.83;28;1.0
0.84;28;1.0
0.85;28;1.0
0.86;28;1.0
0.87;28;1.0
0.88;28;1.0
0.89;28;1.0
0.9;28;1.0
0.91;28;1.0
0.92;28;1.0
0.93;28;1.0
0.94;28;1.0
0.95;28;1.0
0.96;28;1.0
0.97;28;1.0
0.98;28;1.0
0.99;28;1.0
0.0;29;29.0
0.01;29;28.9
0.02;29;28.8
0.03;29;27.25
0.04;29;25.5
0.05;29;20.4
0.06;29;19.2
0.07;29;11.3
0.08;29;8.85
0.09;29;9.0
0.1;29;5.3
0.11;29;3.25
0.12;29;2.55
0.13;29;2.2
0.14;29;2.05
0.15;29;1.3
0.16;29;1.45
0.17;29;1.2
0.18;29;1.2
0.19;29;1.05
0.2;29;1.2
0.21;29;1.0
0.22;29;1.0
0.23;29;1.0
0.24;29;1.0
0.25;29;1.0
0.26;29;1.0
0.27;29;1.1
0.28;29;1.0
0.29;29;1.0
0.3;29;1.0
0.31;29;1.0
0.32;29;1.0
0.33;29;1.0
0.34;29;1.0
0.35;29;1.0
0.36;29;1.0
0.37;29;1.0
0.38;29;1.0
0.39;29;1.0
0.4;29;1.0
0.41;29;1.0
0.42;29;1.0
0.43;29;1.0
0.44;29;1.0
0.45;29;1.0
0.46;29;1.0
0.47;29;1.0
0.48;29;1.0
0.49;29;1.0
0.5;29;1.0
0.51;29;1.0
0.52;29;1.0
0.53;29;1.0
0.54;29;1.0
0.55;29;1.0
0.56;29;1.0
0.57;29;1.0
0.58;29;1.0
0.59;29;1.0
0.6;29;1.0
0.61;29;1.0
0.62;29;1.0
0.63;29;1.0
0.64;29;1.0
0.65;29;1.0
0.66;29;1.0
0.67;29;1.0
0.68;29;1.0
0.69;29;1.0
0.7;29;1.0
0.71;29;1.0
0.72;29;1.0
0.73;29;1.0
0.74;29;1.0
0.75;29;1.0
0.76;29;1.0
0.77;29;1.0
0.78;29;1.0
0.79;29;1.0
0.8;29;1.0
0.81;29;1.0
0.82;29;1.0
0.83;29;1.0
0.84;29;1.0
0.85;29;1.0
0.86;29;1.0
0.87;29;1.0
0.88;29;1.0
0.89;29;1.0
0.9;29;1.0
0.91;29;1.0
0.92;29;1.0
0.93;29;1.0
0.94;29;1.0
0.95;29;1.0
0.96;29;1.0
0.97;29;1.0
0.98;29;1.0
0.99;29;1.0
0.0;30;30.0
0.01;30;29.8
0.02;30;29.95
0.03;30;28.95
0.04;30;26.05
0.05;30;22.0
0.06;30;14.85
0.07;30;9.45
0.08;30;8.5
0.09;30;6.3
0.1;30;4.85
0.11;30;3.8
0.12;30;2.8
0.13;30;2.1
0.14;30;2.0
0.15;30;1.4
0.16;30;1.05
0.17;30;1.2
0.18;30;1.25
0.19;30;1.1
0.2;30;1.1
0.21;30;1.0
0.22;30;1.05
0.23;30;1.05
0.24;30;1.05
0.25;30;1.0
0.26;30;1.0
0.27;30;1.0
0.28;30;1.0
0.29;30;1.0
0.3;30;1.0
0.31;30;1.0
0.32;30;1.0
0.33;30;1.0
0.34;30;1.0
0.35;30;1.0
0.36;30;1.0
0.37;30;1.0
0.38;30;1.0
0.39;30;1.0
0.4;30;1.0
0.41;30;1.0
0.42;30;1.0
0.43;30;1.0
0.44;30;1.0
0.45;30;1.0
0.46;30;1.0
0.47;30;1.0
0.48;30;1.0
0.49;30;1.0
0.5;30;1.0
0.51;30;1.0
0.52;30;1.0
0.53;30;1.0
0.54;30;1.0
0.55;30;1.0
0.56;30;1.0
0.57;30;1.0
0.58;30;1.0
0.59;30;1.0
0.6;30;1.0
0.61;30;1.0
0.62;30;1.0
0.63;30;1.0
0.64;30;1.0
0.65;30;1.0
0.66;30;1.0
0.67;30;1.0
0.68;30;1.0
0.69;30;1.0
0.7;30;1.0
0.71;30;1.0
0.72;30;1.0
0.73;30;1.0
0.74;30;1.0
0.75;30;1.0
0.76;30;1.0
0.77;30;1.0
0.78;30;1.0
0.79;30;1.0
0.8;30;1.0
0.81;30;1.0
0.82;30;1.0
0.83;30;1.0
0.84;30;1.0
0.85;30;1.0
0.86;30;1.0
0.87;30;1.0
0.88;30;1.0
0.89;30;1.0
0.9;30;1.0
0.91;30;1.0
0.92;30;1.0
0.93;30;1.0
0.94;30;1.0
0.95;30;1.0
0.96;30;1.0
0.97;30;1.0
0.98;30;1.0
0.99;30;1.0
0.0;31;31.0
0.01;31;30.95
0.02;31;30.65
0.03;31;28.5
0.04;31;25.15
0.05;31;21.85
0.06;31;15.0
0.07;31;12.5
0.08;31;7.1
0.09;31;5.0
0.1;31;2.95
0.11;31;3.1
0.12;31;2.0
0.13;31;2.2
0.14;31;1.55
0.15;31;1.55
0.16;31;1.7
0.17;31;1.45
0.18;31;1.05
0.19;31;1.05
0.2;31;1.05
0.21;31;1.05
0.22;31;1.0
0.23;31;1.0
0.24;31;1.0
0.25;31;1.05
0.26;31;1.0
0.27;31;1.0
0.28;31;1.05
0.29;31;1.0
0.3;31;1.0
0.31;31;1.0
0.32;31;1.0
0.33;31;1.0
0.34;31;1.0
0.35;31;1.0
0.36;31;1.0
0.37;31;1.0
0.38;31;1.0
0.39;31;1.0
0.4;31;1.0
0.41;31;1.0
0.42;31;1.0
0.43;31;1.0
0.44;31;1.0
0.45;31;1.0
0.46;31;1.0
0.47;31;1.0
0.48;31;1.0
0.49;31;1.0
0.5;31;1.0
0.51;31;1.0
0.52;31;1.0
0.53;31;1.0
0.54;31;1.0
0.55;31;1.0
0.56;31;1.0
0.57;31;1.0
0.58;31;1.0
0.59;31;1.0
0.6;31;1.0
0.61;31;1.0
0.62;31;1.0
0.63;31;1.0
0.64;31;1.0
0.65;31;1.0
0.66;31;1.0
0.67;31;1.0
0.68;31;1.0
0.69;31;1.0
0.7;31;1.0
0.71;31;1.0
0.72;31;1.0
0.73;31;1.0
0.74;31;1.0
0.75;31;1.0
0.76;31;1.0
0.77;31;1.0
0.78;31;1.0
0.79;31;1.0
0.8;31;1.0
0.81;31;1.0
0.82;31;1.0
0.83;31;1.0
0.84;31;1.0
0.85;31;1.0
0.86;31;1.0
0.87;31;1.0
0.88;31;1.0
0.89;31;1.0
0.9;31;1.0
0.91;31;1.0
0.92;31;1.0
0.93;31;1.0
0.94;31;1.0
0.95;31;1.0
0.96;31;1.0
0.97;31;1.0
0.98;31;1.0
0.99;31;1.0
0.0;32;32.0
0.01;32;31.9
0.02;32;31.45
0.03;32;30.05
0.04;32;26.3
0.05;32;21.7
0.06;32;12.9
0.07;32;10.55
0.08;32;7.9
0.09;32;5.6
0.1;32;4.3
0.11;32;2.6
0.12;32;2.2
0.13;32;1.75
0.14;32;1.25
0.15;32;1.3
0.16;32;1.15
0.17;32;1.3
0.18;32;1.15
0.19;32;1.1
0.2;32;1.15
0.21;32;1.0
0.22;32;1.05
0.23;32;1.05
0.24;32;1.0
0.25;32;1.0
0.26;32;1.0
0.27;32;1.0
0.28;32;1.0
0.29;32;1.0
0.3;32;1.0
0.31;32;1.0
0.32;32;1.0
0.33;32;1.0
0.34;32;1.0
0.35;32;1.0
0.36;32;1.0
0.37;32;1.0
0.38;32;1.0
0.39;32;1.0
0.4;32;1.0
0.41;32;1.0
0.42;32;1.0
0.43;32;1.0
0.44;32;1.0
0.45;32;1.0
0.46;32;1.0
0.47;32;1.0
0.48;32;1.0
0.49;32;1.0
0.5;32;1.0
0.51;32;1.0
0.52;32;1.0
0.53;32;1.0
0.54;32;1.0
0.55;32;1.0
0.56;32;1.0
0.57;32;1.0
0.58;32;1.0
0.59;32;1.0
0.6;32;1.0
0.61;32;1.0
0.62;32;1.0
0.63;32;1.0
0.64;32;1.0
0.65;32;1.0
0.66;32;1.0
0.67;32;1.0
0.68;32;1.0
0.69;32;1.0
0.7;32;1.0
0.71;32;1.0
0.72;32;1.0
0.73;32;1.0
0.74;32;1.0
0.75;32;1.0
0.76;32;1.0
0.77;32;1.0
0.78;32;1.0
0.79;32;1.0
0.8;32;1.0
0.81;32;1.0
0.82;32;1.0
0.83;32;1.0
0.84;32;1.0
0.85;32;1.0
0.86;32;1.0
0.87;32;1.0
0.88;32;1.0
0.89;32;1.0
0.9;32;1.0
0.91;32;1.0
0.92;32;1.0
0.93;32;1.0
0.94;32;1.0
0.95;32;1.0
0.96;32;1.0
0.97;32;1.0
0.98;32;1.0
0.99;32;1.0
0.0;33;33.0
0.01;33;32.95
0.02;33;32.5
0.03;33;28.85
0.04;33;26.7
0.05;33;21.25
0.06;33;14.1
0.07;33;9.1
0.08;33;6.3
0.09;33;5.55
0.1;33;3.75
0.11;33;2.65
0.12;33;2.1
0.13;33;1.75
0.14;33;1.8
0.15;33;1.55
0.16;33;1.15
0.17;33;1.2
0.18;33;1.2
0.19;33;1.0
0.2;33;1.05
0.21;33;1.0
0.22;33;1.05
0.23;33;1.0
0.24;33;1.0
0.25;33;1.0
0.26;33;1.0
0.27;33;1.0
0.28;33;1.0
0.29;33;1.0
0.3;33;1.0
0.31;33;1.0
0.32;33;1.0
0.33;33;1.0
0.34;33;1.0
0.35;33;1.0
0.36;33;1.0
0.37;33;1.0
0.38;33;1.0
0.39;33;1.0
0.4;33;1.0
0.41;33;1.0
0.42;33;1.0
0.43;33;1.0
0.44;33;1.0
0.45;33;1.0
0.46;33;1.0
0.47;33;1.0
0.48;33;1.0
0.49;33;1.0
0.5;33;1.0
0.51;33;1.0
0.52;33;1.0
0.53;33;1.0
0.54;33;1.0
0.55;33;1.0
0.56;33;1.0
0.57;33;1.0
0.58;33;1.0
0.59;33;1.0
0.6;33;1.0
0.61;33;1.0
0.62;33;1.0
0.63;33;1.0
0.64;33;1.0
0.65;33;1.0
0.66;33;1.0
0.67;33;1.0
0.68;33;1.0
0.69;33;1.0
0.7;33;1.0
0.71;33;1.0
0.72;33;1.0
0.73;33;1.0
0.74;33;1.0
0.75;33;1.0
0.76;33;1.0
0.77;33;1.0
0.78;33;1.0
0.79;33;1.0
0.8;33;1.0
0.81;33;1.0
0.82;33;1.0
0.83;33;1.0
0.84;33;1.0
0.85;33;1.0
0.86;33;1.0
0.87;33;1.0
0.88;33;1.0
0.89;33;1.0
0.9;33;1.0
0.91;33;1.0
0.92;33;1.0
0.93;33;1.0
0.94;33;1.0
0.95;33;1.0
0.96;33;1.0
0.97;33;1.0
0.98;33;1.0
0.99;33;1.0
0.0;34;34.0
0.01;34;33.9
0.02;34;33.0
0.03;34;31.05
0.04;34;28.8
0.05;34;22.6
0.06;34;14.8
0.07;34;9.85
0.08;34;5.85
0.09;34;5.65
0.1;34;3.95
0.11;34;3.05
0.12;34;2.55
0.13;34;1.45
0.14;34;1.4
0.15;34;1.35
0.16;34;1.45
0.17;34;1.25
0.18;34;1.2
0.19;34;1.0
0.2;34;1.05
0.21;34;1.05
0.22;34;1.0
0.23;34;1.0
0.24;34;1.0
0.25;34;1.0
0.26;34;1.0
0.27;34;1.0
0.28;34;1.0
0.29;34;1.0
0.3;34;1.0
0.31;34;1.0
0.32;34;1.0
0.33;34;1.0
0.34;34;1.0
0.35;34;1.0
0.36;34;1.0
0.37;34;1.0
0.38;34;1.0
0.39;34;1.0
0.4;34;1.0
0.41;34;1.0
0.42;34;1.0
0.43;34;1.0
0.44;34;1.0
0.45;34;1.0
0.46;34;1.0
0.47;34;1.0
0.48;34;1.0
0.49;34;1.0
0.5;34;1.0
0.51;34;1.0
0.52;34;1.0
0.53;34;1.0
0.54;34;1.0
0.55;34;1.0
0.56;34;1.0
0.57;34;1.0
0.58;34;1.0
0.59;34;1.0
0.6;34;1.0
0.61;34;1.0
0.62;34;1.0
0.63;34;1.0
0.64;34;1.0
0.65;34;1.0
0.66;34;1.0
0.67;34;1.0
0.68;34;1.0
0.69;34;1.0
0.7;34;1.0
0.71;34;1.0
0.72;34;1.0
0.73;34;1.0
0.74;34;1.0
0.75;34;1.0
0.76;34;1.0
0.77;34;1.0
0.78;34;1.0
0.79;34;1.0
0.8;34;1.0
0.81;34;1.0
0.82;34;1.0
0.83;34;1.0
0.84;34;1.0
0.85;34;1.0
0.86;34;1.0
0.87;34;1.0
0.88;34;1.0
0.89;34;1.0
0.9;34;1.0
0.91;34;1.0
0.92;34;1.0
0.93;34;1.0
0.94;34;1.0
0.95;34;1.0
0.96;34;1.0
0.97;34;1.0
0.98;34;1.0
0.99;34;1.0
0.0;35;35.0
0.01;35;34.95
0.02;35;34.65
0.03;35;30.85
0.04;35;28.25
0.05;35;19.95
0.06;35;13.4
0.07;35;8.15
0.08;35;5.05
0.09;35;4.75
0.1;35;3.1
0.11;35;1.75
0.12;35;1.95
0.13;35;1.7
0.14;35;1.5
0.15;35;1.25
0.16;35;1.15
0.17;35;1.15
0.18;35;1.05
0.19;35;1.2
0.2;35;1.0
0.21;35;1.05
0.22;35;1.0
0.23;35;1.0
0.24;35;1.0
0.25;35;1.0
0.26;35;1.0
0.27;35;1.0
0.28;35;1.0
0.29;35;1.0
0.3;35;1.0
0.31;35;1.0
0.32;35;1.0
0.33;35;1.0
0.34;35;1.0
0.35;35;1.0
0.36;35;1.0
0.37;35;1.0
0.38;35;1.0
0.39;35;1.0
0.4;35;1.0
0.41;35;1.0
0.42;35;1.0
0.43;35;1.0
0.44;35;1.0
0.45;35;1.0
0.46;35;1.0
0.47;35;1.0
0.48;35;1.0
0.49;35;1.0
0.5;35;1.0
0.51;35;1.0
0.52;35;1.0
0.53;35;1.0
0.54;35;1.0
0.55;35;1.0
0.56;35;1.0
0.57;35;1.0
0.58;35;1.0
0.59;35;1.0
0.6;35;1.0
0.61;35;1.0
0.62;35;1.0
0.63;35;1.0
0.64;35;1.0
0.65;35;1.0
0.66;35;1.0
0.67;35;1.0
0.68;35;1.0
0.69;35;1.0
0.7;35;1.0
0.71;35;1.0
0.72;35;1.0
0.73;35;1.0
0.74;35;1.0
0.75;35;1.0
0.76;35;1.0
0.77;35;1.0
0.78;35;1.0
0.79;35;1.0
0.8;35;1.0
0.81;35;1.0
0.82;35;1.0
0.83;35;1.0
0.84;35;1.0
0.85;35;1.0
0.86;35;1.0
0.87;35;1.0
0.88;35;1.0
0.89;35;1.0
0.9;35;1.0
0.91;35;1.0
0.92;35;1.0
0.93;35;1.0
0.94;35;1.0
0.95;35;1.0
0.96;35;1.0
0.97;35;1.0
0.98;35;1.0
0.99;35;1.0
0.0;36;36.0
0.01;36;35.95
0.02;36;34.8
0.03;36;31.85
0.04;36;26.8
0.05;36;21.5
0.06;36;13.05
0.07;36;7.6
0.08;36;6.05
0.09;36;3.4
0.1;36;3.5
0.11;36;2.55
0.12;36;2.0
0.13;36;1.55
0.14;36;1.45
0.15;36;1.4
0.16;36;1.3
0.17;36;1.15
0.18;36;1.15
0.19;36;1.05
0.2;36;1.05
0.21;36;1.05
0.22;36;1.0
0.23;36;1.0
0.24;36;1.0
0.25;36;1.0
0.26;36;1.0
0.27;36;1.0
0.28;36;1.0
0.29;36;1.0
0.3;36;1.0
0.31;36;1.0
0.32;36;1.0
0.33;36;1.0
0.34;36;1.0
0.35;36;1.0
0.36;36;1.0
0.37;36;1.0
0.38;36;1.0
0.39;36;1.0
0.4;36;1.0
0.41;36;1.0
0.42;36;1.0
0.43;36;1.0
0.44;36;1.0
0.45;36;1.0
0.46;36;1.0
0.47;36;1.0
0.48;36;1.0
0.49;36;1.0
0.5;36;1.0
0.51;36;1.0
0.52;36;1.0
0.53;36;1.0
0.54;36;1.0
0.55;36;1.0
0.56;36;1.0
0.57;36;1.0
0.58;36;1.0
0.59;36;1.0
0.6;36;1.0
0.61;36;1.0
0.62;36;1.0
0.63;36;1.0
0.64;36;1.0
0.65;36;1.0
0.66;36;1.0
0.67;36;1.0
0.68;36;1.0
0.69;36;1.0
0.7;36;1.0
0.71;36;1.0
0.72;36;1.0
0.73;36;1.0
0.74;36;1.0
0.75;36;1.0
0.76;36;1.0
0.77;36;1.0
0.78;36;1.0
0.79;36;1.0
0.8;36;1.0
0.81;36;1.0
0.82;36;1.0
0.83;36;1.0
0.84;36;1.0
0.85;36;1.0
0.86;36;1.0
0.87;36;1.0
0.88;36;1.0
0.89;36;1.0
0.9;36;1.0
0.91;36;1.0
0.92;36;1.0
0.93;36;1.0
0.94;36;1.0
0.95;36;1.0
0.96;36;1.0
0.97;36;1.0
0.98;36;1.0
0.99;36;1.0
0.0;37;37.0
0.01;37;36.8
0.02;37;36.55
0.03;37;31.25
0.04;37;24.95
0.05;37;19.95
0.06;37;12.35
0.07;37;6.35
0.08;37;5.0
0.09;37;3.5
0.1;37;2.5
0.11;37;2.25
0.12;37;1.75
0.13;37;1.4
0.14;37;1.6
0.15;37;1.15
0.16;37;1.1
0.17;37;1.15
0.18;37;1.1
0.19;37;1.0
0.2;37;1.05
0.21;37;1.0
0.22;37;1.0
0.23;37;1.0
0.24;37;1.0
0.25;37;1.0
0.26;37;1.0
0.27;37;1.0
0.28;37;1.0
0.29;37;1.0
0.3;37;1.0
0.31;37;1.0
0.32;37;1.0
0.33;37;1.0
0.34;37;1.0
0.35;37;1.0
0.36;37;1.0
0.37;37;1.0
0.38;37;1.0
0.39;37;1.0
0.4;37;1.0
0.41;37;1.0
0.42;37;1.0
0.43;37;1.0
0.44;37;1.0
0.45;37;1.0
0.46;37;1.0
0.47;37;1.0
0.48;37;1.0
0.49;37;1.0
0.5;37;1.0
0.51;37;1.0
0.52;37;1.0
0.53;37;1.0
0.54;37;1.0
0.55;37;1.0
0.56;37;1.0
0.57;37;1.0
0.58;37;1.0
0.59;37;1.0
0.6;37;1.0
0.61;37;1.0
0.62;37;1.0
0.63;37;1.0
0.64;37;1.0
0.65;37;1.0
0.66;37;1.0
0.67;37;1.0
0.68;37;1.0
0.69;37;1.0
0.7;37;1.0
0.71;37;1.0
0.72;37;1.0
0.73;37;1.0
0.74;37;1.0
0.75;37;1.0
0.76;37;1.0
0.77;37;1.0
0.78;37;1.0
0.79;37;1.0
0.8;37;1.0
0.81;37;1.0
0.82;37;1.0
0.83;37;1.0
0.84;37;1.0
0.85;37;1.0
0.86;37;1.0
0.87;37;1.0
0.88;37;1.0
0.89;37;1.0
0.9;37;1.0
0.91;37;1.0
0.92;37;1.0
0.93;37;1.0
0.94;37;1.0
0.95;37;1.0
0.96;37;1.0
0.97;37;1.0
0.98;37;1.0
0.99;37;1.0
0.0;38;38.0
0.01;38;37.9
0.02;38;37.55
0.03;38;33.0
0.04;38;27.75
0.05;38;19.4
0.06;38;11.95
0.07;38;9.0
0.08;38;5.9
0.09;38;2.9
0.1;38;2.4
0.11;38;1.85
0.12;38;2.05
0.13;38;1.35
0.14;38;1.55
0.15;38;1.2
0.16;38;1.1
0.17;38;1.2
0.18;38;1.0
0.19;38;1.05
0.2;38;1.0
0.21;38;1.05
0.22;38;1.0
0.23;38;1.0
0.24;38;1.05
0.25;38;1.0
0.26;38;1.0
0.27;38;1.0
0.28;38;1.0
0.29;38;1.0
0.3;38;1.0
0.31;38;1.0
0.32;38;1.0
0.33;38;1.0
0.34;38;1.0
0.35;38;1.0
0.36;38;1.0
0.37;38;1.0
0.38;38;1.0
0.39;38;1.0
0.4;38;1.0
0.41;38;1.0
0.42;38;1.0
0.43;38;1.0
0.44;38;1.0
0.45;38;1.0
0.46;38;1.0
0.47;38;1.0
0.48;38;1.0
0.49;38;1.0
0.5;38;1.0
0.51;38;1.0
0.52;38;1.0
0.53;38;1.0
0.54;38;1.0
0.55;38;1.0
0.56;38;1.0
0.57;38;1.0
0.58;38;1.0
0.59;38;1.0
0.6;38;1.0
0.61;38;1.0
0.62;38;1.0
0.63;38;1.0
0.64;38;1.0
0.65;38;1.0
0.66;38;1.0
0.67;38;1.0
0.68;38;1.0
0.69;38;1.0
0.7;38;1.0
0.71;38;1.0
0.72;38;1.0
0.73;38;1.0
0.74;38;1.0
0.75;38;1.0
0.76;38;1.0
0.77;38;1.0
0.78;38;1.0
0.79;38;1.0
0.8;38;1.0
0.81;38;1.0
0.82;38;1.0
0.83;38;1.0
0.84;38;1.0
0.85;38;1.0
0.86;38;1.0
0.87;38;1.0
0.88;38;1.0
0.89;38;1.0
0.9;38;1.0
0.91;38;1.0
0.92;38;1.0
0.93;38;1.0
0.94;38;1.0
0.95;38;1.0
0.96;38;1.0
0.97;38;1.0
0.98;38;1.0
0.99;38;1.0
0.0;39;39.0
0.01;39;38.75
0.02;39;38.15
0.03;39;35.45
0.04;39;25.25
0.05;39;17.0
0.06;39;11.8
0.07;39;7.65
0.08;39;5.1
0.09;39;2.65
0.1;39;2.75
0.11;39;1.85
0.12;39;1.75
0.13;39;1.2
0.14;39;1.2
0.15;39;1.05
0.16;39;1.05
0.17;39;1.15
0.18;39;1.1
0.19;39;1.0
0.2;39;1.0
0.21;39;1.05
0.22;39;1.0
0.23;39;1.0
0.24;39;1.0
0.25;39;1.0
0.26;39;1.0
0.27;39;1.0
0.28;39;1.0
0.29;39;1.0
0.3;39;1.0
0.31;39;1.0
0.32;39;1.0
0.33;39;1.0
0.34;39;1.0
0.35;39;1.0
0.36;39;1.0
0.37;39;1.0
0.38;39;1.0
0.39;39;1.0
0.4;39;1.0
0.41;39;1.0
0.42;39;1.0
0.43;39;1.0
0.44;39;1.0
0.45;39;1.0
0.46;39;1.0
0.47;39;1.0
0.48;39;1.0
0.49;39;1.0
0.5;39;1.0
0.51;39;1.0
0.52;39;1.0
0.53;39;1.0
0.54;39;1.0
0.55;39;1.0
0.56;39;1.0
0.57;39;1.0
0.58;39;1.0
0.59;39;1.0
0.6;39;1.0
0.61;39;1.0
0.62;39;1.0
0.63;39;1.0
0.64;39;1.0
0.65;39;1.0
0.66;39;1.0
0.67;39;1.0
0.68;39;1.0
0.69;39;1.0
0.7;39;1.0
0.71;39;1.0
0.72;39;1.0
0.73;39;1.0
0.74;39;1.0
0.75;39;1.0
0.76;39;1.0
0.77;39;1.0
0.78;39;1.0
0.79;39;1.0
0.8;39;1.0
0.81;39;1.0
0.82;39;1.0
0.83;39;1.0
0.84;39;1.0
0.85;39;1.0
0.86;39;1.0
0.87;39;1.0
0.88;39;1.0
0.89;39;1.0
0.9;39;1.0
0.91;39;1.0
0.92;39;1.0
0.93;39;1.0
0.94;39;1.0
0.95;39;1.0
0.96;39;1.0
0.97;39;1.0
0.98;39;1.0
0.99;39;1.0
0.0;40;40.0
0.01;40;39.95
0.02;40;38.85
0.03;40;34.45
0.04;40;27.2
0.05;40;16.4
0.06;40;11.15
0.07;40;6.7
0.08;40;4.7
0.09;40;2.95
0.1;40;2.45
0.11;40;1.8
0.12;40;1.5
0.13;40;1.5
0.14;40;1.25
0.15;40;1.15
0.16;40;1.0
0.17;40;1.0
0.18;40;1.05
0.19;40;1.0
0.2;40;1.0
0.21;40;1.05
0.22;40;1.0
0.23;40;1.0
0.24;40;1.0
0.25;40;1.0
0.26;40;1.0
0.27;40;1.0
0.28;40;1.0
0.29;40;1.0
0.3;40;1.0
0.31;40;1.0
0.32;40;1.0
0.33;40;1.0
0.34;40;1.0
0.35;40;1.0
0.36;40;1.0
0.37;40;1.0
0.38;40;1.0
0.39;40;1.0
0.4;40;1.0
0.41;40;1.0
0.42;40;1.0
0.43;40;1.0
0.44;40;1.0
0.45;40;1.0
0.46;40;1.0
0.47;40;1.0
0.48;40;1.0
0.49;40;1.0
0.5;40;1.0
0.51;40;1.0
0.52;40;1.0
0.53;40;1.0
0.54;40;1.0
0.55;40;1.0
0.56;40;1.0
0.57;40;1.0
0.58;40;1.0
0.59;40;1.0
0.6;40;1.0
0.61;40;1.0
0.62;40;1.0
0.63;40;1.0
0.64;40;1.0
0.65;40;1.0
0.66;40;1.0
0.67;40;1.0
0.68;40;1.0
0.69;40;1.0
0.7;40;1.0
0.71;40;1.0
0.72;40;1.0
0.73;40;1.0
0.74;40;1.0
0.75;40;1.0
0.76;40;1.0
0.77;40;1.0
0.78;40;1.0
0.79;40;1.0
0.8;40;1.0
0.81;40;1.0
0.82;40;1.0
0.83;40;1.0
0.84;40;1.0
0.85;40;1.0
0.86;40;1.0
0.87;40;1.0
0.88;40;1.0
0.89;40;1.0
0.9;40;1.0
0.91;40;1.0
0.92;40;1.0
0.93;40;1.0
0.94;40;1.0
0.95;40;1.0
0.96;40;1.0
0.97;40;1.0
0.98;40;1.0
0.99;40;1.0
0.0;41;41.0
0.01;41;40.9
0.02;41;40.1
0.03;41;34.45
0.04;41;25.8
0.05;41;16.9
0.06;41;8.55
0.07;41;6.4
0.08;41;4.2
0.09;41;3.05
0.1;41;2.35
0.11;41;1.6
0.12;41;1.55
0.13;41;1.45
0.14;41;1.25
0.15;41;1.0
0.16;41;1.1
0.17;41;1.1
0.18;41;1.0
0.19;41;1.05
0.2;41;1.0
0.21;41;1.05
0.22;41;1.0
0.23;41;1.05
0.24;41;1.0
0.25;41;1.0
0.26;41;1.0
0.27;41;1.0
0.28;41;1.0
0.29;41;1.0
0.3;41;1.0
0.31;41;1.0
0.32;41;1.0
0.33;41;1.0
0.34;41;1.0
0.35;41;1.0
0.36;41;1.0
0.37;41;1.0
0.38;41;1.0
0.39;41;1.0
0.4;41;1.0
0.41;41;1.0
0.42;41;1.0
0.43;41;1.0
0.44;41;1.0
0.45;41;1.0
0.46;41;1.0
0.47;41;1.0
0.48;41;1.0
0.49;41;1.0
0.5;41;1.0
0.51;41;1.0
0.52;41;1.0
0.53;41;1.0
0.54;41;1.0
0.55;41;1.0
0.56;41;1.0
0.57;41;1.0
0.58;41;1.0
0.59;41;1.0
0.6;41;1.0
0.61;41;1.0
0.62;41;1.0
0.63;41;1.0
0.64;41;1.0
0.65;41;1.0
0.66;41;1.0
0.67;41;1.0
0.68;41;1.0
0.69;41;1.0
0.7;41;1.0
0.71;41;1.0
0.72;41;1.0
0.73;41;1.0
0.74;41;1.0
0.75;41;1.0
0.76;41;1.0
0.77;41;1.0
0.78;41;1.0
0.79;41;1.0
0.8;41;1.0
0.81;41;1.0
0.82;41;1.0
0.83;41;1.0
0.84;41;1.0
0.85;41;1.0
0.86;41;1.0
0.87;41;1.0
0.88;41;1.0
0.89;41;1.0
0.9;41;1.0
0.91;41;1.0
0.92;41;1.0
0.93;41;1.0
0.94;41;1.0
0.95;41;1.0
0.96;41;1.0
0.97;41;1.0
0.98;41;1.0
0.99;41;1.0
0.0;42;42.0
0.01;42;41.85
0.02;42;41.35
0.03;42;36.0
0.04;42;23.85
0.05;42;14.65
0.06;42;9.5
0.07;42;7.05
0.08;42;3.85
0.09;42;2.85
0.1;42;2.75
0.11;42;1.65
0.12;42;1.5
0.13;42;1.25
0.14;42;1.3
0.15;42;1.15
0.16;42;1.15
0.17;42;1.05
0.18;42;1.0
0.19;42;1.05
0.2;42;1.0
0.21;42;1.0
0.22;42;1.0
0.23;42;1.0
0.24;42;1.0
0.25;42;1.0
0.26;42;1.0
0.27;42;1.0
0.28;42;1.0
0.29;42;1.0
0.3;42;1.0
0.31;42;1.0
0.32;42;1.0
0.33;42;1.0
0.34;42;1.0
0.35;42;1.0
0.36;42;1.0
0.37;42;1.0
0.38;42;1.0
0.39;42;1.0
0.4;42;1.0
0.41;42;1.0
0.42;42;1.0
0.43;42;1.0
0.44;42;1.0
0.45;42;1.0
0.46;42;1.0
0.47;42;1.0
0.48;42;1.0
0.49;42;1.0
0.5;42;1.0
0.51;42;1.0
0.52;42;1.0
0.53;42;1.0
0.54;42;1.0
0.55;42;1.0
0.56;42;1.0
0.57;42;1.0
0.58;42;1.0
0.59;42;1.0
0.6;42;1.0
0.61;42;1.0
0.62;42;1.0
0.63;42;1.0
0.64;42;1.0
0.65;42;1.0
0.66;42;1.0
0.67;42;1.0
0.68;42;1.0
0.69;42;1.0
0.7;42;1.0
0.71;42;1.0
0.72;42;1.0
0.73;42;1.0
0.74;42;1.0
0.75;42;1.0
0.76;42;1.0
0.77;42;1.0
0.78;42;1.0
0.79;42;1.0
0.8;42;1.0
0.81;42;1.0
0.82;42;1.0
0.83;42;1.0
0.84;42;1.0
0.85;42;1.0
0.86;42;1.0
0.87;42;1.0
0.88;42;1.0
0.89;42;1.0
0.9;42;1.0
0.91;42;1.0
0.92;42;1.0
0.93;42;1.0
0.94;42;1.0
0.95;42;1.0
0.96;42;1.0
0.97;42;1.0
0.98;42;1.0
0.99;42;1.0
0.0;43;43.0
0.01;43;42.8
0.02;43;40.55
0.03;43;35.7
0.04;43;27.3
0.05;43;16.45
0.06;43;9.65
0.07;43;5.8
0.08;43;4.1
0.09;43;2.8
0.1;43;2.6
0.11;43;1.75
0.12;43;1.5
0.13;43;1.35
0.14;43;1.2
0.15;43;1.15
0.16;43;1.05
0.17;43;1.0
0.18;43;1.0
0.19;43;1.0
0.2;43;1.0
0.21;43;1.0
0.22;43;1.0
0.23;43;1.0
0.24;43;1.0
0.25;43;1.0
0.26;43;1.0
0.27;43;1.0
0.28;43;1.0
0.29;43;1.0
0.3;43;1.0
0.31;43;1.0
0.32;43;1.0
0.33;43;1.0
0.34;43;1.0
0.35;43;1.0
0.36;43;1.0
0.37;43;1.0
0.38;43;1.0
0.39;43;1.0
0.4;43;1.0
0.41;43;1.0
0.42;43;1.0
0.43;43;1.0
0.44;43;1.0
0.45;43;1.0
0.46;43;1.0
0.47;43;1.0
0.48;43;1.0
0.49;43;1.0
0.5;43;1.0
0.51;43;1.0
0.52;43;1.0
0.53;43;1.0
0.54;43;1.0
0.55;43;1.0
0.56;43;1.0
0.57;43;1.0
0.58;43;1.0
0.59;43;1.0
0.6;43;1.0
0.61;43;1.0
0.62;43;1.0
0.63;43;1.0
0.64;43;1.0
0.65;43;1.0
0.66;43;1.0
0.67;43;1.0
0.68;43;1.0
0.69;43;1.0
0.7;43;1.0
0.71;43;1.0
0.72;43;1.0
0.73;43;1.0
0.74;43;1.0
0.75;43;1.0
0.76;43;1.0
0.77;43;1.0
0.78;43;1.0
0.79;43;1.0
0.8;43;1.0
0.81;43;1.0
0.82;43;1.0
0.83;43;1.0
0.84;43;1.0
0.85;43;1.0
0.86;43;1.0
0.87;43;1.0
0.88;43;1.0
0.89;43;1.0
0.9;43;1.0
0.91;43;1.0
0.92;43;1.0
0.93;43;1.0
0.94;43;1.0
0.95;43;1.0
0.96;43;1.0
0.97;43;1.0
0.98;43;1.0
0.99;43;1.0
0.0;44;44.0
0.01;44;43.55
0.02;44;42.3
0.03;44;36.9
0.04;44;24.45
0.05;44;16.15
0.06;44;9.2
0.07;44;6.25
0.08;44;3.85
0.09;44;2.35
0.1;44;2.2
0.11;44;1.55
0.12;44;1.3
0.13;44;1.2
0.14;44;1.0
0.15;44;1.05
0.16;44;1.05
0.17;44;1.0
0.18;44;1.0
0.19;44;1.0
0.2;44;1.0
0.21;44;1.0
0.22;44;1.0
0.23;44;1.0
0.24;44;1.0
0.25;44;1.0
0.26;44;1.0
0.27;44;1.0
0.28;44;1.0
0.29;44;1.0
0.3;44;1.0
0.31;44;1.0
0.32;44;1.0
0.33;44;1.0
0.34;44;1.0
0.35;44;1.0
0.36;44;1.0
0.37;44;1.0
0.38;44;1.0
0.39;44;1.0
0.4;44;1.0
0.41;44;1.0
0.42;44;1.0
0.43;44;1.0
0.44;44;1.0
0.45;44;1.0
0.46;44;1.0
0.47;44;1.0
0.48;44;1.0
0.49;44;1.0
0.5;44;1.0
0.51;44;1.0
0.52;44;1.0
0.53;44;1.0
0.54;44;1.0
0.55;44;1.0
0.56;44;1.0
0.57;44;1.0
0.58;44;1.0
0.59;44;1.0
0.6;44;1.0
0.61;44;1.0
0.62;44;1.0
0.63;44;1.0
0.64;44;1.0
0.65;44;1.0
0.66;44;1.0
0.67;44;1.0
0.68;44;1.0
0.69;44;1.0
0.7;44;1.0
0.71;44;1.0
0.72;44;1.0
0.73;44;1.0
0.74;44;1.0
0.75;44;1.0
0.76;44;1.0
0.77;44;1.0
0.78;44;1.0
0.79;44;1.0
0.8;44;1.0
0.81;44;1.0
0.82;44;1.0
0.83;44;1.0
0.84;44;1.0
0.85;44;1.0
0.86;44;1.0
0.87;44;1.0
0.88;44;1.0
0.89;44;1.0
0.9;44;1.0
0.91;44;1.0
0.92;44;1.0
0.93;44;1.0
0.94;44;1.0
0.95;44;1.0
0.96;44;1.0
0.97;44;1.0
0.98;44;1.0
0.99;44;1.0
0.0;45;45.0
0.01;45;44.7
0.02;45;43.0
0.03;45;35.8
0.04;45;20.65
0.05;45;11.45
0.06;45;7.35
0.07;45;4.9
0.08;45;3.8
0.09;45;2.55
0.1;45;1.8
0.11;45;1.35
0.12;45;1.3
0.13;45;1.2
0.14;45;1.1
0.15;45;1.0
0.16;45;1.05
0.17;45;1.0
0.18;45;1.0
0.19;45;1.0
0.2;45;1.0
0.21;45;1.0
0.22;45;1.0
0.23;45;1.0
0.24;45;1.0
0.25;45;1.0
0.26;45;1.0
0.27;45;1.0
0.28;45;1.0
0.29;45;1.0
0.3;45;1.0
0.31;45;1.0
0.32;45;1.0
0.33;45;1.0
0.34;45;1.0
0.35;45;1.0
0.36;45;1.0
0.37;45;1.0
0.38;45;1.0
0.39;45;1.0
0.4;45;1.0
0.41;45;1.0
0.42;45;1.0
0.43;45;1.0
0.44;45;1.0
0.45;45;1.0
0.46;45;1.0
0.47;45;1.0
0.48;45;1.0
0.49;45;1.0
0.5;45;1.0
0.51;45;1.0
0.52;45;1.0
0.53;45;1.0
0.54;45;1.0
0.55;45;1.0
0.56;45;1.0
0.57;45;1.0
0.58;45;1.0
0.59;45;1.0
0.6;45;1.0
0.61;45;1.0
0.62;45;1.0
0.63;45;1.0
0.64;45;1.0
0.65;45;1.0
0.66;45;1.0
0.67;45;1.0
0.68;45;1.0
0.69;45;1.0
0.7;45;1.0
0.71;45;1.0
0.72;45;1.0
0.73;45;1.0
0.74;45;1.0
0.75;45;1.0
0.76;45;1.0
0.77;45;1.0
0.78;45;1.0
0.79;45;1.0
0.8;45;1.0
0.81;45;1.0
0.82;45;1.0
0.83;45;1.0
0.84;45;1.0
0.85;45;1.0
0.86;45;1.0
0.87;45;1.0
0.88;45;1.0
0.89;45;1.0
0.9;45;1.0
0.91;45;1.0
0.92;45;1.0
0.93;45;1.0
0.94;45;1.0
0.95;45;1.0
0.96;45;1.0
0.97;45;1.0
0.98;45;1.0
0.99;45;1.0
0.0;46;46.0
0.01;46;45.9
0.02;46;43.95
0.03;46;34.2
0.04;46;22.85
0.05;46;13.25
0.06;46;8.3
0.07;46;4.45
0.08;46;3.8
0.09;46;2.25
0.1;46;1.75
0.11;46;1.6
0.12;46;1.3
0.13;46;1.35
0.14;46;1.1
0.15;46;1.15
0.16;46;1.0
0.17;46;1.1
0.18;46;1.0
0.19;46;1.0
0.2;46;1.0
0.21;46;1.05
0.22;46;1.0
0.23;46;1.0
0.24;46;1.0
0.25;46;1.0
0.26;46;1.0
0.27;46;1.0
0.28;46;1.0
0.29;46;1.0
0.3;46;1.0
0.31;46;1.0
0.32;46;1.0
0.33;46;1.0
0.34;46;1.0
0.35;46;1.0
0.36;46;1.0
0.37;46;1.0
0.38;46;1.0
0.39;46;1.0
0.4;46;1.0
0.41;46;1.0
0.42;46;1.0
0.43;46;1.0
0.44;46;1.0
0.45;46;1.0
0.46;46;1.0
0.47;46;1.0
0.48;46;1.0
0.49;46;1.0
0.5;46;1.0
0.51;46;1.0
0.52;46;1.0
0.53;46;1.0
0.54;46;1.0
0.55;46;1.0
0.56;46;1.0
0.57;46;1.0
0.58;46;1.0
0.59;46;1.0
0.6;46;1.0
0.61;46;1.0
0.62;46;1.0
0.63;46;1.0
0.64;46;1.0
0.65;46;1.0
0.66;46;1.0
0.67;46;1.0
0.68;46;1.0
0.69;46;1.0
0.7;46;1.0
0.71;46;1.0
0.72;46;1.0
0.73;46;1.0
0.74;46;1.0
0.75;46;1.0
0.76;46;1.0
0.77;46;1.0
0.78;46;1.0
0.79;46;1.0
0.8;46;1.0
0.81;46;1.0
0.82;46;1.0
0.83;46;1.0
0.84;46;1.0
0.85;46;1.0
0.86;46;1.0
0.87;46;1.0
0.88;46;1.0
0.89;46;1.0
0.9;46;1.0
0.91;46;1.0
0.92;46;1.0
0.93;46;1.0
0.94;46;1.0
0.95;46;1.0
0.96;46;1.0
0.97;46;1.0
0.98;46;1.0
0.99;46;1.0
0.0;47;47.0
0.01;47;47.0
0.02;47;44.7
0.03;47;36.8
0.04;47;21.4
0.05;47;12.8
0.06;47;6.65
0.07;47;5.25
0.08;47;3.05
0.09;47;2.3
0.1;47;1.65
0.11;47;1.5
0.12;47;1.15
0.13;47;1.15
0.14;47;1.1
0.15;47;1.05
0.16;47;1.0
0.17;47;1.0
0.18;47;1.0
0.19;47;1.0
0.2;47;1.0
0.21;47;1.0
0.22;47;1.0
0.23;47;1.0
0.24;47;1.0
0.25;47;1.0
0.26;47;1.0
0.27;47;1.0
0.28;47;1.0
0.29;47;1.0
0.3;47;1.0
0.31;47;1.0
0.32;47;1.0
0.33;47;1.0
0.34;47;1.0
0.35;47;1.0
0.36;47;1.0
0.37;47;1.0
0.38;47;1.0
0.39;47;1.0
0.4;47;1.0
0.41;47;1.0
0.42;47;1.0
0.43;47;1.0
0.44;47;1.0
0.45;47;1.0
0.46;47;1.0
0.47;47;1.0
0.48;47;1.0
0.49;47;1.0
0.5;47;1.0
0.51;47;1.0
0.52;47;1.0
0.53;47;1.0
0.54;47;1.0
0.55;47;1.0
0.56;47;1.0
0.57;47;1.0
0.58;47;1.0
0.59;47;1.0
0.6;47;1.0
0.61;47;1.0
0.62;47;1.0
0.63;47;1.0
0.64;47;1.0
0.65;47;1.0
0.66;47;1.0
0.67;47;1.0
0.68;47;1.0
0.69;47;1.0
0.7;47;1.0
0.71;47;1.0
0.72;47;1.0
0.73;47;1.0
0.74;47;1.0
0.75;47;1.0
0.76;47;1.0
0.77;47;1.0
0.78;47;1.0
0.79;47;1.0
0.8;47;1.0
0.81;47;1.0
0.82;47;1.0
0.83;47;1.0
0.84;47;1.0
0.85;47;1.0
0.86;47;1.0
0.87;47;1.0
0.88;47;1.0
0.89;47;1.0
0.9;47;1.0
0.91;47;1.0
0.92;47;1.0
0.93;47;1.0
0.94;47;1.0
0.95;47;1.0
0.96;47;1.0
0.97;47;1.0
0.98;47;1.0
0.99;47;1.0
0.0;48;48.0
0.01;48;47.85
0.02;48;45.5
0.03;48;34.45
0.04;48;19.45
0.05;48;11.75
0.06;48;8.4
0.07;48;4.95
0.08;48;3.1
0.09;48;2.35
0.1;48;1.75
0.11;48;1.3
0.12;48;1.2
0.13;48;1.2
0.14;48;1.05
0.15;48;1.0
0.16;48;1.1
0.17;48;1.0
0.18;48;1.05
0.19;48;1.0
0.2;48;1.0
0.21;48;1.0
0.22;48;1.0
0.23;48;1.0
0.24;48;1.0
0.25;48;1.0
0.26;48;1.0
0.27;48;1.0
0.28;48;1.0
0.29;48;1.0
0.3;48;1.0
0.31;48;1.0
0.32;48;1.0
0.33;48;1.0
0.34;48;1.0
0.35;48;1.0
0.36;48;1.0
0.37;48;1.0
0.38;48;1.0
0.39;48;1.0
0.4;48;1.0
0.41;48;1.0
0.42;48;1.0
0.43;48;1.0
0.44;48;1.0
0.45;48;1.0
0.46;48;1.0
0.47;48;1.0
0.48;48;1.0
0.49;48;1.0
0.5;48;1.0
0.51;48;1.0
0.52;48;1.0
0.53;48;1.0
0.54;48;1.0
0.55;48;1.0
0.56;48;1.0
0.57;48;1.0
0.58;48;1.0
0.59;48;1.0
0.6;48;1.0
0.61;48;1.0
0.62;48;1.0
0.63;48;1.0
0.64;48;1.0
0.65;48;1.0
0.66;48;1.0
0.67;48;1.0
0.68;48;1.0
0.69;48;1.0
0.7;48;1.0
0.71;48;1.0
0.72;48;1.0
0.73;48;1.0
0.74;48;1.0
0.75;48;1.0
0.76;48;1.0
0.77;48;1.0
0.78;48;1.0
0.79;48;1.0
0.8;48;1.0
0.81;48;1.0
0.82;48;1.0
0.83;48;1.0
0.84;48;1.0
0.85;48;1.0
0.86;48;1.0
0.87;48;1.0
0.88;48;1.0
0.89;48;1.0
0.9;48;1.0
0.91;48;1.0
0.92;48;1.0
0.93;48;1.0
0.94;48;1.0
0.95;48;1.0
0.96;48;1.0
0.97;48;1.0
0.98;48;1.0
0.99;48;1.0
0.0;49;49.0
0.01;49;48.85
0.02;49;46.65
0.03;49;39.7
0.04;49;21.7
0.05;49;12.4
0.06;49;7.15
0.07;49;4.5
0.08;49;2.8
0.09;49;2.3
0.1;49;1.5
0.11;49;1.15
0.12;49;1.2
0.13;49;1.2
0.14;49;1.0
0.15;49;1.1
0.16;49;1.0
0.17;49;1.0
0.18;49;1.0
0.19;49;1.0
0.2;49;1.05
0.21;49;1.0
0.22;49;1.0
0.23;49;1.0
0.24;49;1.0
0.25;49;1.0
0.26;49;1.0
0.27;49;1.0
0.28;49;1.0
0.29;49;1.0
0.3;49;1.0
0.31;49;1.0
0.32;49;1.0
0.33;49;1.0
0.34;49;1.0
0.35;49;1.0
0.36;49;1.0
0.37;49;1.0
0.38;49;1.0
0.39;49;1.0
0.4;49;1.0
0.41;49;1.0
0.42;49;1.0
0.43;49;1.0
0.44;49;1.0
0.45;49;1.0
0.46;49;1.0
0.47;49;1.0
0.48;49;1.0
0.49;49;1.0
0.5;49;1.0
0.51;49;1.0
0.52;49;1.0
0.53;49;1.0
0.54;49;1.0
0.55;49;1.0
0.56;49;1.0
0.57;49;1.0
0.58;49;1.0
0.59;49;1.0
0.6;49;1.0
0.61;49;1.0
0.62;49;1.0
0.63;49;1.0
0.64;49;1.0
0.65;49;1.0
0.66;49;1.0
0.67;49;1.0
0.68;49;1.0
0.69;49;1.0
0.7;49;1.0
0.71;49;1.0
0.72;49;1.0
0.73;49;1.0
0.74;49;1.0
0.75;49;1.0
0.76;49;1.0
0.77;49;1.0
0.78;49;1.0
0.79;49;1.0
0.8;49;1.0
0.81;49;1.0
0.82;49;1.0
0.83;49;1.0
0.84;49;1.0
0.85;49;1.0
0.86;49;1.0
0.87;49;1.0
0.88;49;1.0
0.89;49;1.0
0.9;49;1.0
0.91;49;1.0
0.92;49;1.0
0.93;49;1.0
0.94;49;1.0
0.95;49;1.0
0.96;49;1.0
0.97;49;1.0
0.98;49;1.0
0.99;49;1.0
0.0;50;50.0
0.01;50;49.85
0.02;50;47.0
0.03;50;35.7
0.04;50;21.6
0.05;50;9.95
0.06;50;7.05
0.07;50;4.4
0.08;50;2.7
0.09;50;1.7
0.1;50;1.75
0.11;50;1.4
0.12;50;1.2
0.13;50;1.1
0.14;50;1.0
0.15;50;1.15
0.16;50;1.05
0.17;50;1.0
0.18;50;1.0
0.19;50;1.0
0.2;50;1.0
0.21;50;1.0
0.22;50;1.0
0.23;50;1.0
0.24;50;1.0
0.25;50;1.0
0.26;50;1.0
0.27;50;1.0
0.28;50;1.0
0.29;50;1.0
0.3;50;1.0
0.31;50;1.0
0.32;50;1.0
0.33;50;1.0
0.34;50;1.0
0.35;50;1.0
0.36;50;1.0
0.37;50;1.0
0.38;50;1.0
0.39;50;1.0
0.4;50;1.0
0.41;50;1.0
0.42;50;1.0
0.43;50;1.0
0.44;50;1.0
0.45;50;1.0
0.46;50;1.0
0.47;50;1.0
0.48;50;1.0
0.49;50;1.0
0.5;50;1.0
0.51;50;1.0
0.52;50;1.0
0.53;50;1.0
0.54;50;1.0
0.55;50;1.0
0.56;50;1.0
0.57;50;1.0
0.58;50;1.0
0.59;50;1.0
0.6;50;1.0
0.61;50;1.0
0.62;50;1.0
0.63;50;1.0
0.64;50;1.0
0.65;50;1.0
0.66;50;1.0
0.67;50;1.0
0.68;50;1.0
0.69;50;1.0
0.7;50;1.0
0.71;50;1.0
0.72;50;1.0
0.73;50;1.0
0.74;50;1.0
0.75;50;1.0
0.76;50;1.0
0.77;50;1.0
0.78;50;1.0
0.79;50;1.0
0.8;50;1.0
0.81;50;1.0
0.82;50;1.0
0.83;50;1.0
0.84;50;1.0
0.85;50;1.0
0.86;50;1.0
0.87;50;1.0
0.88;50;1.0
0.89;50;1.0
0.9;50;1.0
0.91;50;1.0
0.92;50;1.0
0.93;50;1.0
0.94;50;1.0
0.95;50;1.0
0.96;50;1.0
0.97;50;1.0
0.98;50;1.0
0.99;50;1.0
